name,container,cas,mw,solute_smiles,solvent_smiles,solvent_name,dm300,dm300_error,full_smiles,dm300_err,dm300_measured
5-aminoquinoline,CB77,611-34-7,144.17,Nc1cccc2ncccc12,CO,Methanol,0.547675639533659,0.0087,Nc1cccc2ncccc12.CO,0.25933281355046,0.54946718644954
4-HYDROXYFLUORENE,Z149,1689-64-1,182,C1=CC=C2C(=C1)C(C3=CC=CC=C32)O,CO,Methanol,0.876026780563476,0.0161,C1=CC=C2C(=C1)C(C3=CC=CC=C32)O.CO,0.249129645809913,0.901829645809913
"1-NITRONAPHTHALENE, 99%",D16,86-57-7,173,[O-][N+](=O)c1cccc2ccccc12,CO,Methanol,0.503726060040461,0.1125,[O-][N+](=O)c1cccc2ccccc12.CO,0.243176616226925,0.517876616226925
"2,5-Dimethylphenol",CQ44,95-87-4,122,OC1=CC(C)=CC=C1C,CO,Methanol,0.719393037923191,0.0368,OC1=CC(C)=CC=C1C.CO,0.239730022948893,0.728830022948893
m-Cresol GPR RECTAPURÔøΩ,"CM23, Y1, Y10",108-39-4,108.0575149,CC1=CC(O)=CC=C1,CO,Methanol,0.538626106237699,0.0726,CC1=CC(O)=CC=C1.CO,0.239246940757253,0.512253059242747
"1,4-Dibromo-2,5-difluorobenzene",Z10,327-51-5,272,C1=C(C(=CC(=C1Br)F)Br)F,CO,Methanol,0.726592530133152,0.0566,C1=C(C(=CC(=C1Br)F)Br)F.CO,0.237825100178917,0.730925100178917
,Z73,122-95-2,166,CCOC1=CC=C(C=C1)OCC,CO,Methanol,0.610574695626976,0.0192,CCOC1=CC=C(C=C1)OCC.CO,0.237560242049025,0.656860242049025
4-Iodoanisole,CC26,696-62-8,234.03,COc1ccc(I)cc1,CO,Methanol,0.342663345804447,0.2947,COc1ccc(I)cc1.CO,0.237381388827097,0.321481388827097
5-Bromo-1-methyl-1H-indole,RSY40,10075-52-2,210.07,CN1C=CC2=C1C=CC(=C2)Br,CO,Methanol,0.624113115948069,0.0477,CN1C=CC2=C1C=CC(=C2)Br.CO,0.233749095306067,0.677749095306067
5-Bromoisatin,RSY5,87-48-9,226.03,C1=CC2=C(C=C1Br)C(=O)C(=O)N2,CO,Methanol,0.727056109023353,0.042,C1=CC2=C(C=C1Br)C(=O)C(=O)N2.CO,0.233330406959147,0.751830406959147
"2,6-Lutidine",CC50,108-48-5,107,CC1=NC(C)=CC=C1,CO,Methanol,0.547534733330599,0.0174,CC1=NC(C)=CC=C1.CO,0.229526363578079,0.467373636421921
,Z165,24596-19-8,200,CC1=CC(=CC(=C1N)C)Br,CO,Methanol,0.699282619719685,0.0172,CC1=CC(=CC(=C1N)C)Br.CO,0.224887180871093,0.800887180871093
"5,5'-Dimethyl-2,2'-bipyridine",Z65,1762-34-1,184,CC1=CN=C(C=C1)C2=NC=C(C=C2)C,CO,Methanol,0.871786894973571,0,CC1=CN=C(C=C1)C2=NC=C(C=C2)C.CO,0.224263412169617,0.775736587830383
"4-amino-3,5-xylenol",CO1,3096-70-6,137.084064,CC1=CC(O)=CC(C)=C1N,CO,Methanol,0.778359803410391,0.1194,CC1=CC(O)=CC(C)=C1N.CO,0.221283227830287,0.855683227830287
8-Aminoquinoline,D43,578-66-5,144,NC1=C2N=CC=CC2=CC=C1,CO,Methanol,0.508616185111097,0.0167,NC1=C2N=CC=CC2=CC=C1.CO,0.221107613242998,0.550607613242998
"4,4'-Bipyridine",CA172,553-26-4,156.0687483,C1(C2=CC=NC=C2)=CC=NC=C1,CO,Methanol,0.630374645181997,0.005,C1(C2=CC=NC=C2)=CC=NC=C1.CO,0.217314296446683,0.560385703553317
"4-BROMOANILINE, 97%",Z133,106-40-1,172,C1=CC(=CC=C1N)Br,CO,Methanol,0.27544784518914,0.0379,C1=CC(=CC=C1N)Br.CO,0.21352701051759,0.29612701051759
ACRIDINE,D30,260-94-6,179,C12=NC3=CC=CC=C3C=C1C=CC=C2,CO,Methanol,0.701402660807396,0.0267,C12=NC3=CC=CC=C3C=C1C=CC=C2.CO,0.210583410400312,0.661316589599688
,Z72,624-38-4,329,IC1=CC=C(I)C=C1,CO,Methanol,0.345662126914032,0.0306,IC1=CC=C(I)C=C1.CO,0.210456111631026,0.293943888368974
nicotinic acid,AP20,59-67-6,123.03,O=C(O)C1=CN=CC=C1,CO,Methanol,0.61383948165095,0.2292,O=C(O)C1=CN=CC=C1.CO,0.210166138060771,0.602066138060771
,Z187,822-67-3,98,C1CC=CC(C1)O,CO,Methanol,0.631006331120914,0.013,C1CC=CC(C1)O.CO,0.208621615789918,0.454321615789918
"3,5-Diaminobenzoic Acid",Z1,535-87-5,152.15,O=C(O)C1=CC(N)=CC(N)=C1,CO,Methanol,0.828021167074114,0.0316,O=C(O)C1=CC(N)=CC(N)=C1.CO,0.206732824364035,0.851932824364035
4-Methoxyphenol,D3 ,150-76-5,124,COc1ccc(O)cc1,CO,Methanol,0.42751824468563,0.0803,COc1ccc(O)cc1.CO,0.206612707946846,0.413112707946846
5-Hydroxyindole,RSY99,1953-54-4,133.15,C1=CC2=C(C=CN2)C=C1O,CO,Methanol,0.541279262717195,0.0481,C1=CC2=C(C=CN2)C=C1O.CO,0.200050808735166,0.583450808735166
,Z74,327-51-5,271,FC1=C(Br)C=C(F)C(Br)=C1,CO,Methanol,0.726592518330645,0.0066,FC1=C(Br)C=C(F)C(Br)=C1.CO,0.198274903868939,0.730925096131061
,Z30,626-00-6,330,IC1=CC(I)=CC=C1,CO,Methanol,0.427665130825832,0.0784,IC1=CC(I)=CC=C1.CO,0.196117719847228,0.362782280152772
N-(1-naphthyl)ethylenediamine,Q8,551-09-7,184.1000484,C=C(N)NC1=C2C=CC=CC2=CC=C1,CO,Methanol,0.864204743832021,0,C=C(N)NC1=C2C=CC=CC2=CC=C1.CO,0.19445869939972,0.80554130060028
2-ACETYLPYRROLE,Z113,1072-83-9,109,CC(=O)C1=CC=CN1,CO,Methanol,0.462245030072537,0.0362,CC(=O)C1=CC=CN1.CO,0.192708926706356,0.511908926706356
4-Fluorobenzoic acid,CC4,456-22-4,140,O=C(O)C1=CC=C(F)C=C1,CO,Methanol,0.698419036146016,0.0269,O=C(O)C1=CC=C(F)C=C1.CO,0.189027195782622,0.664472804217378
5-Aminoindole,CA38,5192-03-0,132.16,Nc1ccc2[nH]ccc2c1,CO,Methanol,0.421593008232515,0.1037,Nc1ccc2[nH]ccc2c1.CO,0.187643967587701,0.504443967587701
"4,4'-(hexafluoroisopropylidene) dianiline",CA18,1095-78-9,334.0904677,FC(F)(F)C(C1=CC=C(C=C1)N)(C2=CC=C(C=C2)N)C(F)(F)F,CO,Methanol,0.918921845351839,0.0088,FC(F)(F)C(C1=CC=C(C=C1)N)(C2=CC=C(C=C2)N)C(F)(F)F.CO,0.182835649271559,1.02423564927156
"2,5-Dimethyl-1,4-phenylenediamine",CA122,07/01/6393,136.1000484,NC1=CC(C)=C(N)C=C1C,CO,Methanol,0.715898624280076,0,NC1=CC(C)=C(N)C=C1C.CO,0.182352759892864,0.817647240107136
"a,a'-Dibromo-p-xylene",CB49,623-24-5,261.8992745,BrCC1=CC=C(C=C1)CBr,CO,Methanol,0.696023492752179,0.0157,BrCC1=CC=C(C=C1)CBr.CO,0.181262912316816,0.577462912316816
Tetracycline hydrochloride,AP7,64-75-5,480.1299434,OC1=CC=CC2=C1C(C3=C(O)[C@@](C(C(C(N)=O)=C(O)[C@H]4N(C)C)=O)(O)[C@@]4([H])C[C@]3([H])[C@@]2(O)C)=O,CO,Methanol,0.918653786801143,0.0777,OC1=CC=CC2=C1C(C3=C(O)[C@@](C(C(C(N)=O)=C(O)[C@H]4N(C)C)=O)(O)[C@@]4([H])C[C@]3([H])[C@@]2(O)C)=O.CO,0.18097551167287,1.01697551167287
,Z165,24596-19-8,200,CC1=CC(=CC(=C1N)C)Br,CO,Methanol,0.699282619719685,0.0424,CC1=CC(=CC(=C1N)C)Br.CO,0.178387180871093,0.800887180871093
(R)-(_)-_-Methylcyclohexanemethylamine,D35,5913-13-3,127,N[C@H](C)C1CCCCC1,CO,Methanol,0.941522860410544,0.0086,N[C@H](C)C1CCCCC1.CO,0.178243620612332,0.805756379387668
p-Anisidine,CQ24,104-94-9,123.0684139,NC1=CC=C(OC)C=C1,CO,Methanol,0.326703585988142,0.0404,NC1=CC=C(OC)C=C1.CO,0.176541161962325,0.336858838037675
"3-NITROPHENOL, REAGENTPLUS, 99%",D22,554-84-7,139,Oc1cccc(c1)[N+]([O-])=O,CO,Methanol,0.439287720916949,0.0294,Oc1cccc(c1)[N+]([O-])=O.CO,0.174968465165425,0.422531534834575
5-Methylindole,RSY31 (CHECK),614-96-0,131.17,CC1=CC2=C(C=C1)NC=C2,CO,Methanol,0.501839751815951,0.0561,CC1=CC2=C(C=C1)NC=C2.CO,0.174933539408351,0.558233539408351
4-Aminobenzoic acid,D2,150-13-0,137,Nc1ccc(cc1)C(O)=O,CO,Methanol,0.719005439642206,0.0125,Nc1ccc(cc1)C(O)=O.CO,0.173632379611022,0.678567620388978
"1-NITRONAPHTHALENE, 99%",Z132,86-57-7,173,C1=CC=C2C(=C1)C=CC=C2[N+](=O)[O-],CO,Methanol,0.503726060040461,0.2065,C1=CC=C2C(=C1)C=CC=C2[N+](=O)[O-].CO,0.173123383773075,0.517876616226925
,Z22,626-05-1,235,BrC1=CC=CC(Br)=N1,CO,Methanol,0.351309831337085,0.0173,BrC1=CC=CC(Br)=N1.CO,0.172882923166242,0.335482923166242
"2-NITROPHENOL, 98%",Z125,88-75-5,139,OC1=CC=CC=C1[N+]([O-])=O,CO,Methanol,0.435514113057297,0.0465,OC1=CC=CC=C1[N+]([O-])=O.CO,0.168022098213185,0.430622098213185
"3-AMINOPHENOL, 98%",D7,591-27-5,109,Nc1cccc(O)c1,CO,Methanol,0.429617454409047,0.0603,Nc1cccc(O)c1.CO,0.165567074806292,0.446467074806292
4-Hydroxy-3-methoxybenzyl alcohol,CO31,498-00-0,154.0629942,COC1=CC(CO)=CC=C1O,CO,Methanol,0.854942309037154,0.005,COC1=CC(CO)=CC=C1O.CO,0.162645785638432,0.803654214361568
(R)-(_)-1-Indanol,CA170,697-64-3,134,C1CC2=CC=CC=C2C1O,CO,Methanol,0.741503715840072,0.0104,C1CC2=CC=CC=C2C1O.CO,0.162223129512882,0.741223129512882
Nicotine ,CB94,54-11-5,162.1156984,CN1C(CCC1)C2=CN=CC=C2,CO,Methanol,0.831256800904524,0.0021,CN1C(CCC1)C2=CN=CC=C2.CO,0.160148454789822,0.820051545210178
5-Bromoisatin,RSY5,87-48-9,224.9425405,O=C1NC2=C(C=C(Br)C=C2)C1=O,CO,Methanol,0.727056107056269,0.0017,O=C1NC2=C(C=C(Br)C=C2)C1=O.CO,0.159269593040853,0.751830406959147
"2-BROMO-N,N-DIMETHYLANILINE",D38,698-00-0,200,CN(C)C1=CC=CC=C1Br,CO,Methanol,0.656765280168884,0.0425,CN(C)C1=CC=CC=C1Br.CO,0.15854157671519,0.662558423284811
,Z183,1124-11-4,136,CC1=C(N=C(C(=N1)C)C)C,CO,Methanol,0.768407205186037,0.0158,CC1=C(N=C(C(=N1)C)C)C.CO,0.158533351193744,0.856033351193744
"1-Bromo-4-methoxy-2,5-dimethylbenzene",CA57,58106-25-5,213.9993271,CC1=C(OC)C=C(C)C(Br)=C1,CO,Methanol,0.815544720642605,0.0052,CC1=C(OC)C=C(C)C(Br)=C1.CO,0.157686674262744,0.818613325737256
Adenine,AP16,73-24-5,135,C1=NC2=NC=NC(=C2N1)N,CO,Methanol,0.535022863639866,0.0106,C1=NC2=NC=NC(=C2N1)N.CO,0.157681077251142,0.535781077251142
"3,5-Difluorobenzonitrile",CA78,64248-63-1,139.0233555,N#CC1=CC(F)=CC(F)=C1,CO,Methanol,0.561539919218922,0.0136,N#CC1=CC(F)=CC(F)=C1.CO,0.157183726922303,0.630283726922303
2-Methylanisole,CJ7,578-58-5,122,COC1=CC=CC=C1C,CO,Methanol,0.505142392415697,0.0103,COC1=CC=CC=C1C.CO,0.156375220574377,0.500824779425623
"alpha, alpha-Dipyridyl (the name is good)",CA113,366-18-7,158.18,C1=CC=NC(=C1)C2=CC=CC=N2,CO,Methanol,0.669427175466817,0.0138,C1=CC=NC(=C1)C2=CC=CC=N2.CO,0.155714548952236,0.565985451047764
2-Bromoacetophenone,CJ57,2142-69-0,197.9680269,O=C(C1=CC=CC=C1)CBr,CO,Methanol,0.634901898224894,0.0131,O=C(C1=CC=CC=C1)CBr.CO,0.153867528555942,0.626067528555942
Dibenzyl ether,CA6,103-50-4,198,C(OCc1ccccc1)c2ccccc2,CO,Methanol,0.583165575056531,0.1663,C(OCc1ccccc1)c2ccccc2.CO,0.15297605504024,0.61357605504024
Terephthalaldehyde,S53,623-27-8,134.0367794,O=CC1=CC=C(C=O)C=C1,CO,Methanol,0.508090910579942,0.0111,O=CC1=CC=C(C=O)C=C1.CO,0.149175047238161,0.448724952761839
,Z62,6161-50-8,214,COC1=CC(C2=CC=CC(OC)=C2)=CC=C1,CO,Methanol,0.794622974221571,0.0178,COC1=CC(C2=CC=CC(OC)=C2)=CC=C1.CO,0.148672434203612,0.762072434203612
"1,3-Diiodobenzene",Z35,626-00-6,329,IC1=CC(I)=CC=C1,CO,Methanol,0.427665130825832,0.0075,IC1=CC(I)=CC=C1.CO,0.147517719847228,0.362782280152772
"2,5-Dibromofuran",CB56,32460-00-7,223.8472389,BrC1=CC=C(Br)O1,CO,Methanol,0.330144410345882,0.0567,BrC1=CC=C(Br)O1.CO,0.14721722478075,0.37731722478075
,Z36,7226-23-5,128,O=C1N(C)CCCN1C,CO,Methanol,0.604126789062698,0.0295,O=C1N(C)CCCN1C.CO,0.146174298554053,0.669374298554053
"4,4'-BIPHENYLDICARBONITRILE",Z118,1591-30-6,204,C1=CC(=CC=C1C#N)C2=CC=C(C=C2)C#N,CO,Methanol,0.761623163207712,0.0206,C1=CC(=CC=C1C#N)C2=CC=C(C=C2)C#N.CO,0.145884684721909,0.719615315278092
"1,2,3,4-Tetrahydro-1-naphthol",CB115,529-33-9,148.088815,OC1CCCC2=C1C=CC=C2,CO,Methanol,0.74838166250236,0.0036,OC1CCCC2=C1C=CC=C2.CO,0.144924085374476,0.733175914625524
,Z182,619-44-3,262,COC(=O)C1=CC=C(C=C1)I,CO,Methanol,0.645833667880273,0.0198,COC(=O)C1=CC=C(C=C1)I.CO,0.144607454506125,0.610607454506125
,Z170,95-63-6,120,CC1=CC(=C(C=C1)C)C,CO,Methanol,0.673441440388883,0.0412,CC1=CC(=C(C=C1)C)C.CO,0.141835058929709,0.707735058929709
4-Iodoanisole,Z137,696-62-8,234,COC1=CC=C(C=C1)I,CO,Methanol,0.3426633772778,0.0222,COC1=CC=C(C=C1)I.CO,0.141181453592796,0.321481453592795
,Z178,69113-59-3,229,C1=CC(=CC(=C1)I)C#N,CO,Methanol,0.40703711734351,0.0165,C1=CC(=CC(=C1)I)C#N.CO,0.139647664463112,0.415947664463112
"4,4'-Diaminobenzophenone",Z67,611-98-3,212,C1=CC(=CC=C1C(=O)C2=CC=C(C=C2)N)N,CO,Methanol,0.866419507972354,0.0071,C1=CC(=CC=C1C(=O)C2=CC=C(C=C2)N)N.CO,0.139392850083729,0.812107149916271
"3-BROMOTOLUENE, 98%",D23,591-17-3,170,Cc1cccc(Br)c1,CO,Methanol,0.4234573952664,0.0206,Cc1cccc(Br)c1.CO,0.138703086510354,0.416296913489646
Mandelic acid,CR18,90-64-2,152,OC(C(O)=O)C1=CC=CC=C1,CO,Methanol,0.9304217523115,0,OC(C(O)=O)C1=CC=CC=C1.CO,0.135745483635335,0.864154516364665
"5-Amino-1,3-dihydro-2Hbenzimidazol- 2-one",RSY7,95-23-8,149.15,C1=CC2=C(C=C1N)NC(=O)N2,CO,Methanol,0.601840816460353,0.016,C1=CC2=C(C=C1N)NC(=O)N2.CO,0.135053941786905,0.640546058213095
"1-Bromo-3,5-dimethoxybenzene",Z55,20469-65-2,217,COC1=CC(OC)=CC(Br)=C1,CO,Methanol,0.652259554899695,0.0309,COC1=CC(OC)=CC(Br)=C1.CO,0.134225685657868,0.641374314342132
,Z29,91-76-9,187,NC1=NC(N)=NC(C2=CC=CC=C2)=N1,CO,Methanol,0.79713520876133,0.0912,NC1=NC(N)=NC(C2=CC=CC=C2)=N1.CO,0.133685219158497,0.774385219158497
"3,4-Dichloroaniline",CB90,95-76-1,160.9799045,NC1=CC=C(Cl)C(Cl)=C1,CO,Methanol,0.441962814323748,0.1004,NC1=CC=C(Cl)C(Cl)=C1.CO,0.133512564219452,0.433212564219452
"1,3,5-Trichlorobenzene",Z161,108-70-3,181,C1=C(C=C(C=C1Cl)Cl)Cl,CO,Methanol,0.407779290489449,0.0287,C1=C(C=C(C=C1Cl)Cl)Cl.CO,0.1332148923478,0.4540851076522
Benzoic acid,CL18,65-85-0,122.12,O=C(O)c1ccccc1,CO,Methanol,0.600897922003263,0.0018,O=C(O)c1ccccc1.CO,0.133065452079819,0.585534547920181
2-amino-5-nitrophenol,CP 28,121-88-0,154,C1=CC(=C(C=C1[N+](=O)[O-])O)N,CO,Methanol,0.565958903926209,0.0179,C1=CC(=C(C=C1[N+](=O)[O-])O)N.CO,0.132899044500056,0.576500955499944
"3,4-Dichloroaniline",CB90,95-76-1,160.98,NC1=CC=C(Cl)C(Cl)=C1,CO,Methanol,0.441962814323748,0.0311,NC1=CC=C(Cl)C(Cl)=C1.CO,0.131187435780548,0.433212564219452
Phenylacetylene,RB13,536-74-3,102.13,C#Cc1ccccc1,CO,Methanol,0.181709277584283,0.0351,C#Cc1ccccc1.CO,0.130989619086938,0.242189619086938
4-iodotoluene,Z134,624-31-7,218,CC1=CC=C(C=C1)I,CO,Methanol,0.371238318067291,0.0232,CC1=CC=C(C=C1)I.CO,0.130428799313469,0.341628799313469
"DIETHYL 1,4-DIHYDRO-2,6-DIMETHYL-3,5-PYRIDINEDICARBOXYLATE",CK27,1149-23-1,253.29,CCOC(=O)C1=C(C)NC(C)=C(C(=O)OCC)C1,CO,Methanol,0.910760285511329,0,CCOC(=O)C1=C(C)NC(C)=C(C(=O)OCC)C1.CO,0.129689050679332,0.870310949320668
Sesamol,CJ74,533-31-3,138.12,C1OC2=C(O1)C=C(C=C2)O,CO,Methanol,0.805944631844391,0.0204,C1OC2=C(O1)C=C(C=C2)O.CO,0.129106819272673,0.753293180727327
"1-Bromo-3,5-dimethoxybenzene",Z55,20469-65-2,217,COC1=CC(OC)=CC(Br)=C1,CO,Methanol,0.652259554899695,0.0056,COC1=CC(OC)=CC(Br)=C1.CO,0.129025685657868,0.641374314342132
,Z160,5111-65-9,237,COC1=CC2=C(C=C1)C=C(C=C2)Br,CO,Methanol,0.63594125457591,0.0089,COC1=CC2=C(C=C1)C=C(C=C2)Br.CO,0.128396701335067,0.653896701335067
,Z45,4774-14-5,149,ClC1=CN=CC(Cl)=N1,CO,Methanol,0.24247217423732,0.0495,ClC1=CN=CC(Cl)=N1.CO,0.127953046542622,0.286953046542622
,Z184,6837-24-7,167,C1CCC(CC1)N2CCCC2=O,CO,Methanol,0.906043547144436,0.0031,C1CCC(CC1)N2CCCC2=O.CO,0.127627175903675,0.812072824096325
Tryptamine,CA80,61-54-1,160.1000484,NCCC1=CNC2=CC=CC=C12,CO,Methanol,0.779925146377182,0.0124,NCCC1=CNC2=CC=CC=C12.CO,0.127117915464863,0.796982084535138
SACCHARIN,CB2,81-07-2,183,O=C1N[S](=O)(=O)c2ccccc12,CO,Methanol,0.918933459019235,0,O=C1N[S](=O)(=O)c2ccccc12.CO,0.124371058258377,0.875628941741623
Fluorene,CB78,86-73-7,166.22,c1ccc2c(c1)Cc1ccccc1-2,CO,Methanol,0.840098547121502,0.0074,c1ccc2c(c1)Cc1ccccc1-2.CO,0.124252645091916,0.853652645091916
4-Acetoamidophenol,AP37,103-90-2,151.0633285,OC1=CC=C(NC(C)=O)C=C1,CO,Methanol,0.811287784363509,0.0065,OC1=CC=C(NC(C)=O)C=C1.CO,0.12376283168647,0.71293716831353
"2,3,5-TRIMETHYLPNEOL",Z151,697-82-5,136,CC1=CC(=C(C(=C1)O)C)C,CO,Methanol,0.82393149593153,0.0152,CC1=CC(=C(C(=C1)O)C)C.CO,0.123409006242512,0.874909006242512
Mandelic acid,CR18,90-64-2,152,OC(C(O)=O)C1=CC=CC=C1,CO,Methanol,0.9304217523115,0.0011,OC(C(O)=O)C1=CC=CC=C1.CO,0.123245483635335,0.864154516364665
"1-CHLORO-2-NITROBENZENE, 99%",D17,88-73-3,157,[O-][N+](=O)c1ccccc1Cl,CO,Methanol,0.3398192562267,0.0813,[O-][N+](=O)c1ccccc1Cl.CO,0.120032154467291,0.331067845532709
"2,4,6-TRICHLOROPHENOL, 98%",CC5,88-06-2,195,Oc1c(Cl)cc(Cl)cc1Cl,CO,Methanol,0.670240202999543,0.107,Oc1c(Cl)cc(Cl)cc1Cl.CO,0.11943938216072,0.69453938216072
4-bromophenol,Z135,106-41-2,173,C1=CC(=CC=C1O)Br,CO,Methanol,0.383277914353952,0.0136,C1=CC(=CC=C1O)Br.CO,0.117161583847465,0.363738416152535
,Z15,623-26-7,256,N#CC1=CC=C(C#N)C=C1,CO,Methanol,0.393834234442749,0.0169,N#CC1=CC=C(C#N)C=C1.CO,0.115742571330045,0.425642571330045
4-Iodoanisole,Z137,696-62-8,234,COC1=CC=C(C=C1)I,CO,Methanol,0.3426633772778,0.0757,COC1=CC=C(C=C1)I.CO,0.114781453592796,0.321481453592795
"5,5',6,6'-TETRAHYDROXY-3,3,3',3'-TETRAMETHYL-1,1'-SPIROBISINDANE",CL10,77-08-7,340.1674592,OC1=C(O)C=C2C(C(C)(C)CC23C(C=C(O)C(O)=C4)=C4C(C)(C)C3)=C1,CO,Methanol,1.03038730714496,0,OC1=C(O)C=C2C(C(C)(C)CC23C(C=C(O)C(O)=C4)=C4C(C)(C)C3)=C1.CO,0.11420080604423,1.11420080604423
Thymol blue,CB111,76-61-9,466.59,Cc1cc(O)c(C(C)C)cc1C1(c2cc(C(C)C)c(O)cc2C)OS(=O)(=O)c2ccccc21,CO,Methanol,1.05311084796835,0,Cc1cc(O)c(C(C)C)cc1C1(c2cc(C(C)C)c(O)cc2C)OS(=O)(=O)c2ccccc21.CO,0.113648581320124,1.11364858132012
Sertraline hydrochloride,AP32,79559-97-0,342.69,CN[C@H]1CC[C@@H](c2ccc(Cl)c(Cl)c2)c2ccccc21,CO,Methanol,0.933386038625786,0,CN[C@H]1CC[C@@H](c2ccc(Cl)c(Cl)c2)c2ccccc21.CO,0.11081435092461,0.88918564907539
4-Iodotoluene,CB87,624-31-7,218.03,Cc1ccc(I)cc1,CO,Methanol,0.371238318067291,0.0949,Cc1ccc(I)cc1.CO,0.109271168303682,0.341628831696318
"1,4-dibromo-2,5-dimethoxybenzene",CB130,2674-34-2,293.8891037,COC1=C(Br)C=C(OC)C(Br)=C1,CO,Methanol,0.832798019545952,0.0076,COC1=C(Br)C=C(OC)C(Br)=C1.CO,0.108412160961288,0.787887839038712
,Z174,327-92-4,204,C1=C(C(=CC(=C1[N+](=O)[O-])F)F)[N+](=O)[O-],CO,Methanol,0.619480576669794,0.0157,C1=C(C(=CC(=C1[N+](=O)[O-])F)F)[N+](=O)[O-].CO,0.108391278714846,0.642091278714846
6-aminonaphthalene-2-carboxylic acid,Z89,116668-47-4,187,C1=CC2=C(C=CC(=C2)N)C=C1C(=O)O,CO,Methanol,0.869251952409352,0.0019,C1=CC2=C(C=CC(=C2)N)C=C1C(=O)O.CO,0.10795842686335,0.86174157313665
Clothianidin,AP41,210880-92-5,249.0087232,CNC(=N[N+](=O)[O-])NCC1=CN=C(S1)Cl,CO,Methanol,0.901056877562322,0.0067,CNC(=N[N+](=O)[O-])NCC1=CN=C(S1)Cl.CO,0.107825305712447,0.853874694287553
N-Phenylmaleimide,D41,941-69-5,173,O=C(N1C2=CC=CC=C2)C=CC1=O,CO,Methanol,0.662056163316384,0.0526,O=C(N1C2=CC=CC=C2)C=CC1=O.CO,0.107105667567049,0.694505667567049
"2,3,5,6-Tetrafluoro-1,4-benzenedimethanol",Z85,92339-07-6,210,C(C1=C(C(=C(C(=C1F)F)CO)F)F)O,CO,Methanol,0.892415317609487,0.0392,C(C1=C(C(=C(C(=C1F)F)CO)F)F)O.CO,0.105729188165617,0.919529188165617
2-chloroaniline,Z169,95-51-2,127.6,C1=CC=C(C(=C1)N)Cl,CO,Methanol,0.261474463124402,0.0166,C1=CC=C(C(=C1)N)Cl.CO,0.104369605423458,0.302869605423458
2-amino-4-methyl-1H-pyrimidin-6-one,Z101,3977-29-5,125,CC1=CC(=O)NC(=N1)N,CO,Methanol,0.636240231762128,0.0093,CC1=CC(=O)NC(=N1)N.CO,0.103146386229877,0.596553613770123
"4,4'-Dimethyl-2,2'-bipyridyl",Z5,1134-35-6,184,CC1=CC(C2=NC=CC(C)=C2)=NC=C1,CO,Methanol,0.926513155239222,0.0123,CC1=CC(C2=NC=CC(C)=C2)=NC=C1.CO,0.10042425691097,0.84397574308903
(R)-(_)-2-Phenylglycinol,D39,56613-80-0,137,N[C@H](C1=CC=CC=C1)CO,CO,Methanol,0.755997796997218,0.0166,N[C@H](C1=CC=CC=C1)CO.CO,0.09961045904584,0.78548954095416
Prednisolone,CA160,50-24-8,360.44,C[C@]12C[C@H](O)[C@H]3[C@@H](CCC4=CC(=O)C=C[C@@]43C)[C@@H]1CC[C@]2(O)C(=O)CO,CO,Methanol,0.946605775507279,0.033,C[C@]12C[C@H](O)[C@H]3[C@@H](CCC4=CC(=O)C=C[C@@]43C)[C@@H]1CC[C@]2(O)C(=O)CO.CO,0.099468789700196,1.0198687897002
,Z168,445-29-4,140,C1=CC=C(C(=C1)C(=O)O)F,CO,Methanol,0.784640688756646,0.1069,C1=CC=C(C(=C1)C(=O)O)F.CO,0.098924099352664,0.751424099352663
8-Aminoquinoline,D43,578-66-5,144,NC1=C2N=CC=CC2=CC=C1,CO,Methanol,0.508616185111097,0.0662,NC1=C2N=CC=CC2=CC=C1.CO,0.097507613242998,0.550607613242998
"1-CHLORO-4-NITROBENZENE, 99%",D20,100-00-5,157,[O-][N+](=O)c1ccc(Cl)cc1,CO,Methanol,0.276158419088291,0.0213,[O-][N+](=O)c1ccc(Cl)cc1.CO,0.097211583274201,0.280311583274201
"2-AMINOPHENOL, 98%",D26,95-55-6,109,OC1=CC=CC=C1N,CO,Methanol,0.395106985379887,0.0558,OC1=CC=CC=C1N.CO,0.097109158411855,0.447309158411855
"1,5-Diaminonaphthalene",CK5,2243-62-1,158,C1=CC2=C(C=CC=C2N)C(=C1)N,CO,Methanol,0.63831485292822,0.0107,C1=CC2=C(C=CC=C2N)C(=C1)N.CO,0.096514878109836,0.687514878109835
2-Phenylbutyric acid,CK18,90-27-7,164.2,CCC(C(=O)O)c1ccccc1,CO,Methanol,0.955659085605645,0.0842,CCC(C(=O)O)c1ccccc1.CO,0.096503760911085,0.920803760911085
"1,3,5-Trimethoxybenzene",CK30,621-23-8,168.0786442,COC1=CC(OC)=CC(OC)=C1,CO,Methanol,0.67721820738638,0.0357,COC1=CC(OC)=CC(OC)=C1.CO,0.096126580123872,0.663073419876128
,Z40,1074-24-4,263,CC1=CC(Br)=C(C)C=C1Br,CO,Methanol,0.787047896716192,0.0082,CC1=CC(Br)=C(C)C=C1Br.CO,0.095443347290571,0.798056652709429
,Z62,6161-50-8,214,COC1=CC(C2=CC=CC(OC)=C2)=CC=C1,CO,Methanol,0.794622974221571,0.1051,COC1=CC(C2=CC=CC(OC)=C2)=CC=C1.CO,0.095272434203612,0.762072434203612
"3-NITROPHENOL, REAGENTPLUS, 99%",Z127,554-84-7,139,OC1=CC=CC([N+]([O-])=O)=C1,CO,Methanol,0.439287689443596,0.0507,OC1=CC=CC([N+]([O-])=O)=C1.CO,0.094631534834575,0.422531534834575
_-Caryophyllene,AP59,87-44-5,204.35,C/C/1=C\CCC(=C)[C@H]2CC([C@@H]2CC1)(C)C,CO,Methanol,0.974505109293219,0,C/C/1=C\CCC(=C)[C@H]2CC([C@@H]2CC1)(C)C.CO,0.093073358522177,0.906926641477823
"2,4,6-TRICHLOROPHENOL, 98%",CC5,88-06-2,195,Oc1c(Cl)cc(Cl)cc1Cl,CO,Methanol,0.670240202999543,0.0193,Oc1c(Cl)cc(Cl)cc1Cl.CO,0.09236061783928,0.69453938216072
4-Hydroxyindole,RSY94,2380-94-1,133.15,C1=CC2=C(C=CN2)C(=C1)O,CO,Methanol,0.594556765185295,0.0293,C1=CC2=C(C=CN2)C(=C1)O.CO,0.091826492490786,0.624126492490786
4-iodotoluene,Z134,624-31-7,218,CC1=CC=C(C=C1)I,CO,Methanol,0.371238318067291,0.071,CC1=CC=C(C=C1)I.CO,0.09052879931347,0.341628799313469
4-bromo-2-(4-bromopyridin-2-yl)pyridine,Z27,18511-71-2,313,C1=CN=C(C=C1Br)C2=NC=CC(=C2)Br,CO,Methanol,0.855066597309632,0.0218,C1=CN=C(C=C1Br)C2=NC=CC(=C2)Br.CO,0.090324896304624,0.761275103695376
,Z42,7226-23-5,128,O=C1N(C)CCCN1C,CO,Methanol,0.604126789062698,0.0411,O=C1N(C)CCCN1C.CO,0.090025701445948,0.669374298554053
,Z49,14348-75-5,336,O=C1C2=C(C3=C1C=C(Br)C=C3)C=CC(Br)=C2,CO,Methanol,0.877965617814769,0.0242,O=C1C2=C(C3=C1C=C(Br)C=C3)C=CC(Br)=C2.CO,0.087558216839519,0.893058216839519
Diphenylamine,CQ1,122-39-4,169.0891494,C1(NC2=CC=CC=C2)=CC=CC=C1,CO,Methanol,0.522699944226122,0.0619,C1(NC2=CC=CC=C2)=CC=CC=C1.CO,0.087366332784155,0.493166332784155
"thiophene-2,5-dicarbaldehyde",Z78,932-95-6,140,C1=C(SC(=C1)C=O)C=O,CO,Methanol,0.614489186084673,0.014,C1=C(SC(=C1)C=O)C=O.CO,0.087324654039113,0.609924654039113
"4,4-(Hexafluoroisopropylidene)bis(benzoic acid)",CA36,1171-47-7,392.0483281,FC(F)(F)C(C1=CC=C(C=C1)C(O)=O)(C2=CC=C(C=C2)C(O)=O)C(F)(F)F,CO,Methanol,0.993041686970409,0,FC(F)(F)C(C1=CC=C(C=C1)C(O)=O)(C2=CC=C(C=C2)C(O)=O)C(F)(F)F.CO,0.085899458943743,1.08589945894374
Methyl 4-bromobenzoate,CJ70,619-42-1,215.05,BrC1=CC=C(C(OC)=O)C=C1,CO,Methanol,0.627826609702774,0.0146,BrC1=CC=C(C(OC)=O)C=C1.CO,0.084788132742673,0.615488132742672
,Z162,99-99-0,137,CC1=CC=C(C=C1)[N+](=O)[O-],CO,Methanol,0.36121805213318,0.0275,CC1=CC=C(C=C1)[N+](=O)[O-].CO,0.083669622197779,0.353369622197779
Losartan potassium salt,AP53,124750-99-8,460.1180687,OCC1=C(Cl)N=C(CCCC)N1CC2=CC=C(C=C2)C3=C(C=CC=C3)C4=NN=NN4,CO,Methanol,1.04455255077187,0.0012,OCC1=C(Cl)N=C(CCCC)N1CC2=CC=C(C=C2)C3=C(C=CC=C3)C4=NN=NN4.CO,0.082568265196924,1.03676826519692
bis(4-hydroxyphenyl)methanone,Z46,611-99-4,214,O=C(C1=CC=C(O)C=C1)C2=CC=C(O)C=C2,CO,Methanol,0.932564017582334,0.0064,O=C(C1=CC=C(O)C=C1)C2=CC=C(O)C=C2.CO,0.082403485387884,0.872596514612116
Propiophenone,D37,93-55-0,135,CCC(C1=CC=CC=C1)=O,CO,Methanol,0.630860003632734,0.0191,CCC(C1=CC=CC=C1)=O.CO,0.082352192256583,0.661252192256583
"3,6-Dichloropyridazine",CC1,141-30-0,147.9595034,ClC1=NN=C(Cl)C=C1,CO,Methanol,0.168057899397927,0.0552,ClC1=NN=C(Cl)C=C1.CO,0.081957694875259,0.227157694875258
6-BROMOOXINDOLE,CA121,99365-40-9,210.9632759,O=C1NC2=C(C=CC(Br)=C2)C1,CO,Methanol,0.782802298712649,0.0181,O=C1NC2=C(C=CC(Br)=C2)C1.CO,0.081064524976919,0.768135475023081
"1,3-dioxoisoindolin-2-yl cyclohexanecarboxylate",,,273.100108,O=C(N(OC(C1CCCCC1)=O)C2=O)C3=C2C=CC=C3,CO,Methanol,0.940703435918745,0.0099,O=C(N(OC(C1CCCCC1)=O)C2=O)C3=C2C=CC=C3.CO,0.080926531724415,0.885773468275585
N-Methylformanilide,CK44,93-61-8,135.16,CN(C=O)C1=CC=CC=C1,CO,Methanol,0.535884100481624,0.0203,CN(C=O)C1=CC=CC=C1.CO,0.080644145453422,0.560044145453422
,Z24,14753-51-6,268,OC1=CC(Br)=C(O)C=C1Br,CO,Methanol,0.852375184969108,0.0382,OC1=CC(Br)=C(O)C=C1Br.CO,0.080388092404563,0.835988092404563
2-Acetonaphthone,CL12,93-08-3,170.0731649,CC(C1=CC=C2C=CC=CC2=C1)=O,CO,Methanol,0.701526416061423,0.0837,CC(C1=CC=C2C=CC=CC2=C1)=O.CO,0.079469307039462,0.736469307039461
"1,3-Diiodobenzene",Z35,626-00-6,329,IC1=CC(I)=CC=C1,CO,Methanol,0.427665130825832,0.0665,IC1=CC(I)=CC=C1.CO,0.079317719847228,0.362782280152772
2-AMINOBENZAMIDE,S168,88-68-6,136.15,NC(=O)c1ccccc1N,CO,Methanol,0.67206585813793,0.0219,NC(=O)c1ccccc1N.CO,0.078502472954235,0.693402472954235
Phthalimide,D34,85-41-6,147,O=C(N1)C2=CC=CC=C2C1=O,CO,Methanol,0.712436484593763,0.0312,O=C(N1)C2=CC=CC=C2C1=O.CO,0.077921610409996,0.719121610409996
2-nitrotoluene,Z131,88-72-2,137,CC1=CC=CC=C1[N+](=O)[O-],CO,Methanol,0.418143339862477,0.0468,CC1=CC=CC=C1[N+](=O)[O-].CO,0.077910606809992,0.418410606809992
2-amino-4-methyl-benzonitrile,Z96,26830-96-6,132,CC1=CC(=C(C=C1)C#N)N,CO,Methanol,0.612522715229116,0.0619,CC1=CC(=C(C=C1)C#N)N.CO,0.077755577125014,0.650755577125014
DL-Propranolol hydrochloride,AP2,318-98-9,295,CC(C)NCC(COC1=CC=CC2=CC=CC=C21)O,CO,Methanol,0.940049624212406,0.0002,CC(C)NCC(COC1=CC=CC2=CC=CC=C21)O.CO,0.076877700131654,0.915322299868346
Diclofenac sodium salt,AP33,15307-79-6,316.9986282,OC(CC1=C(C=CC=C1)NC2=C(C=CC=C2Cl)Cl)=O,CO,Methanol,0.96648245709783,0.0005,OC(CC1=C(C=CC=C1)NC2=C(C=CC=C2Cl)Cl)=O.CO,0.076393937375131,0.917906062624869
Di-p-tolylamine,D27,620-93-9,197,CC1=CC=C(NC2=CC=C(C)C=C2)C=C1,CO,Methanol,0.761254696791411,0.047,CC1=CC=C(NC2=CC=C(C)C=C2)C=C1.CO,0.07623612089177,0.68966387910823
,Z178,69113-59-3,229,C1=CC(=CC(=C1)I)C#N,CO,Methanol,0.40703711734351,0.0627,C1=CC(=CC(=C1)I)C#N.CO,0.075747664463112,0.415947664463112
"2,5-Di-tert-butylhydroquinone",CB114,88-58-4,222.33,CC(C)(C)c1cc(O)c(C(C)(C)C)cc1O,CO,Methanol,1.0248901397711,0.0006,CC(C)(C)c1cc(O)c(C(C)(C)C)cc1O.CO,0.073574930357515,1.07017493035752
1-iodo-4-nitrobenzene,Z136,636-98-6,249,O=[N+](C1=CC=C(I)C=C1)[O-],CO,Methanol,0.334362248851747,0.0542,O=[N+](C1=CC=C(I)C=C1)[O-].CO,0.073423624425953,0.310023624425953
"4,4'-Difluorobenzophenone",CJ19,345-92-6,218.0543213,O=C(C1=CC=C(F)C=C1)C2=CC=C(F)C=C2,CO,Methanol,0.836610827467233,0.0048,O=C(C1=CC=C(F)C=C1)C2=CC=C(F)C=C2.CO,0.073321005826448,0.793178994173552
2-Phenylbenzimidazole,CB124,716-79-0,194.23,c1ccc(-c2nc3ccccc3[nH]2)cc1,CO,Methanol,0.813756459782197,0.0849,c1ccc(-c2nc3ccccc3[nH]2)cc1.CO,0.073266536086634,0.746733463913366
Phenacetin,CP1,62-44-2,179.0946287,CCOC1=CC=C(C=C1)NC(C)=O,CO,Methanol,0.814349921333439,0.0056,CCOC1=CC=C(C=C1)NC(C)=O.CO,0.073098847272329,0.767901152727671
Menadione,AP28,58-27-5,172,O=C(C(C)=C1)C(C=CC=C2)=C2C1=O,CO,Methanol,0.705084983955338,0.0107,O=C(C(C)=C1)C(C=CC=C2)=C2C1=O.CO,0.072444569767832,0.741544569767832
4-methoxybenzaldehyde,Z90,123-11-5,136,COC1=CC=C(C=C1)C=O,CO,Methanol,0.427479752774453,0.0159,COC1=CC=C(C=C1)C=O.CO,0.071765934553208,0.408265934553208
Phloroglucinol,I4,108-73-6,126.11,Oc1cc(O)cc(O)c1,CO,Methanol,0.859008792186638,0.0075,Oc1cc(O)cc(O)c1.CO,0.071260206901496,0.818039793098504
"2,2,2-Trimethylpropionanilide",D36,61495-04-3,191,O=C(NC1=C(C)C=CC=C1)C(C)(C)C,CO,Methanol,0.926000800519628,0.0011,O=C(NC1=C(C)C=CC=C1)C(C)(C)C.CO,0.071024837769372,0.922875162230628
Dimethyl aminoterephthalate,Z32,5372-81-6,209,O=C(OC)C1=CC=C(C(OC)=O)C=C1N,CO,Methanol,0.878577585697796,0.0048,O=C(OC)C1=CC=C(C(OC)=O)C=C1N.CO,0.07073014210753,0.87183014210753
N-Phenylmaleimide,D41,941-69-5,173,O=C(N1C2=CC=CC=C2)C=CC1=O,CO,Methanol,0.662056163316384,0.0069,O=C(N1C2=CC=CC=C2)C=CC1=O.CO,0.070705667567049,0.694505667567049
,Z16,92-44-4,160,OC1=C(O)C=C2C=CC=CC2=C1,CO,Methanol,0.831415938047527,0.0086,OC1=C(O)C=C2C=CC=CC2=C1.CO,0.070670751588826,0.826529248411174
Thymol,CP3,89-83-8,150.1044651,CC1=CC(O)=C(C(C)C)C=C1,CO,Methanol,0.89105044416702,0.0046,CC1=CC(O)=C(C(C)C)C=C1.CO,0.070598941215414,0.872001058784586
isodrine,rb57,465-73-6,365,C1C2C=CC1C3C2C4(C(=C(C3(C4(Cl)Cl)Cl)Cl)Cl)Cl,CO,Methanol,0.886926112994032,0,C1C2C=CC1C3C2C4(C(=C(C3(C4(Cl)Cl)Cl)Cl)Cl)Cl.CO,0.070520676018469,0.929279323981531
"1-CHLORO-4-NITROBENZENE, 99%",Z128,100-00-5,157,O=[N+](C1=CC=C(Cl)C=C1)[O-],CO,Methanol,0.276158450561645,0.012,O=[N+](C1=CC=C(Cl)C=C1)[O-].CO,0.070288481491498,0.280311518508503
,Z175,95-50-1,147,C1=CC=C(C(=C1)Cl)Cl,CO,Methanol,0.28666375234462,0.0133,C1=CC=C(C(=C1)Cl)Cl.CO,0.070253706945812,0.267746293054188
7-Fluoroisatin,CB139,317-20-4,165.0226066,O=C1NC2=C(C=CC=C2F)C1=O,CO,Methanol,0.737340054777872,0.0901,O=C1NC2=C(C=CC=C2F)C1=O.CO,0.069851421974772,0.761351421974772
"3,5-DIHYDROXYBENZYL ALCOHOL, 99%",D12,29654-55-5,140,OCc1cc(O)cc(O)c1,CO,Methanol,0.886877407979684,0.0122,OCc1cc(O)cc(O)c1.CO,0.06959503952807,0.85339503952807
"3,4-Dimethoxyaniline",CC63,6315-89-5,153.0789786,NC1=CC=C(OC)C(OC)=C1,CO,Methanol,0.689951200989588,0.021,NC1=CC=C(OC)C(OC)=C1.CO,0.069052234020483,0.658947765979517
2-Aminopyridine,CP27,504-29-0,94,C1=CC=NC(=C1)N,CO,Methanol,0.142638004917529,0.0698,C1=CC=NC(=C1)N.CO,0.067556716965283,0.170556716965283
"1,2-Dimethoxybenzene",Z18,91-16-7,138,COC1=CC=CC=C1OC,CO,Methanol,0.551886018854775,0.0193,COC1=CC=CC=C1OC.CO,0.067222868295575,0.510677131704425
"1-CHLORO-4-NITROBENZENE, 99%",D20,100-00-5,157,[O-][N+](=O)c1ccc(Cl)cc1,CO,Methanol,0.276158419088291,0.1145,[O-][N+](=O)c1ccc(Cl)cc1.CO,0.066988416725799,0.280311583274201
6-Chloroindole,RSY12,17422-33-2,151.59,C1=CC(=CC2=C1C=CN2)Cl,CO,Methanol,0.391520439396021,0.0555,C1=CC(=CC2=C1C=CN2)Cl.CO,0.066447224898451,0.458347224898451
Dimethyl aminoterephthalate,Z32,5372-81-6,209,O=C(OC)C1=CC=C(C(OC)=O)C=C1N,CO,Methanol,0.878577585697796,0.0252,O=C(OC)C1=CC=C(C(OC)=O)C=C1N.CO,0.06643014210753,0.87183014210753
4-AMINO-3-NITROBENZOIC ACID,Z148,1588-83-6,182,C1=CC(=C(C=C1C(=O)O)[N+](=O)[O-])N,CO,Methanol,0.771441464633215,0.0302,C1=CC(=C(C=C1C(=O)O)[N+](=O)[O-])N.CO,0.066094582202848,0.766794582202848
"(1R,2S)-(-)-N-Methylephedrine",AP4,552-79-4,179.1310142,CC(C(C1=CC=CC=C1)O)N(C)C,CO,Methanol,0.951347865660315,0.0002,CC(C(C1=CC=CC=C1)O)N(C)C.CO,0.065467386954119,0.932832613045881
Tetrafluoroterephthalonitrile 5G,"CB104, C79",1835-49-0,199.9997609,N#CC1=C(F)C(F)=C(C#N)C(F)=C1F,CO,Methanol,0.933305576997883,0.004,N#CC1=C(F)C(F)=C(C#N)C(F)=C1F.CO,0.064740964330325,0.903559035669675
Quinaldic acid,,100-21-0,166.0266087,O=C(O)C1=CC=C(C(O)=O)C=C1,CO,Methanol,0.920678640727211,0.011,O=C(O)C1=CC=C(C(O)=O)C=C1.CO,0.064697845261558,0.877802154738443
Dipyridamole,AP5,58-32-2,504,OCCN(C1=NC2=C(C(N3CCCCC3)=N1)N=C(N(CCO)CCO)N=C2N4CCCCC4)CCO,CO,Methanol,1.08017443832877,0.0002,OCCN(C1=NC2=C(C(N3CCCCC3)=N1)N=C(N(CCO)CCO)N=C2N4CCCCC4)CCO.CO,0.064572207550115,1.06297220755012
4-Acetoamidophenol,AP37,103-90-2,151,OC1=CC=C(NC(C)=O)C=C1,CO,Methanol,0.811287784363509,0.0129,OC1=CC=C(NC(C)=O)C=C1.CO,0.06456283168647,0.71293716831353
PYRIMETHAMINE,AP23,58-14-0,248.0828741,CCC1=C(C2=CC=C(Cl)C=C2)C(N)=NC(N)=N1,CO,Methanol,0.941870861278813,0.0087,CCC1=C(C2=CC=C(Cl)C=C2)C(N)=NC(N)=N1.CO,0.063740710428395,0.928659289571605
"1,5-Diaminonaphthalene",CK5,771-97-1,158.0843983,NC1=CC=CC2=C(N)C=CC=C12,CO,Methanol,0.63831485292822,0.0599,NC1=CC=CC2=C(N)C=CC=C12.CO,0.063614855846627,0.687514855846627
,Z15,623-26-7,256,N#CC1=CC=C(C#N)C=C1,CO,Methanol,0.393834234442749,0.0786,N#CC1=CC=C(C#N)C=C1.CO,0.063557428669955,0.425642571330045
(R)-(?)-2-Phenylbutyric acid,CA154,938-79-4,164.2,CC[C@@H](C(=O)O)c1ccccc1,CO,Methanol,0.956555619813213,0.0004,CC[C@@H](C(=O)O)c1ccccc1.CO,0.062561999736691,0.915638000263309
2-Amino-5-bromobenzoic acid,RB54,5794-88-7,216.03,C1=CC(=C(C=C1Br)C(=O)O)N,CO,Methanol,0.851994341656592,0.0313,C1=CC(=C(C=C1Br)C(=O)O)N.CO,0.06231489992266,0.83948510007734
"2,6-Diacetylpyridine",Z31,1129-30-2,163,CC(=O)C1=NC(=CC=C1)C(=O)C,CO,Methanol,0.874926692442954,0.0234,CC(=O)C1=NC(=CC=C1)C(=O)C.CO,0.061449182455138,0.839750817544862
"2,4,6-trimethylbenzoic acid",CA34,480-63-7,164.0837296,O=C(O)C1=C(C)C=C(C)C=C1C,CO,Methanol,0.940245152420249,0,O=C(O)C1=C(C)C=C(C)C=C1C.CO,0.060708433422697,0.939291566577303
PYRIMETHAMINE,AP23,58-14-0,248,CCC1=C(C2=CC=C(Cl)C=C2)C(N)=NC(N)=N1,CO,Methanol,0.941870861278813,0.0004,CCC1=C(C2=CC=C(Cl)C=C2)C(N)=NC(N)=N1.CO,0.060640710428395,0.928659289571605
"1,8-DICHLOROANTHRAQUINONE, 97%",CE6,82-43-9,276,Clc1cccc2C(=O)c3cccc(Cl)c3C(=O)c12,CO,Methanol,0.878123692732096,0.0011,Clc1cccc2C(=O)c3cccc(Cl)c3C(=O)c12.CO,0.0592235139562,0.8780764860438
"4,4'-Difluorobenzophenone",CO28,345-92-6,218,O=C(C1=CC=C(F)C=C1)C2=CC=C(F)C=C2,CO,Methanol,0.836610827467233,0.018,O=C(C1=CC=C(F)C=C1)C2=CC=C(F)C=C2.CO,0.058478994173552,0.793178994173552
"4,4-(Hexafluoroisopropylidene)diphenol",CJ31,1478-61-1,336.0584989,FC(F)(F)C(C1=CC=C(O)C=C1)(C2=CC=C(O)C=C2)C(F)(F)F,CO,Methanol,0.947381861191481,0.0019,FC(F)(F)C(C1=CC=C(O)C=C1)(C2=CC=C(O)C=C2)C(F)(F)F.CO,0.058233615334056,1.04593361533406
2-Methyl-3-nitroaniline,CJ58,603-83-8,152.06,NC1=CC=CC([N+]([O-])=O)=C1C,CO,Methanol,0.538201656594081,0.0335,NC1=CC=CC([N+]([O-])=O)=C1C.CO,0.05735869650747,0.59084130349253
"4-amino-3,5-dimethylbenzonitrile",Z173,74896-24-5,146,CC1=CC(=CC(=C1N)C)C#N,CO,Methanol,0.733384058835411,0.0147,CC1=CC(=CC(=C1N)C)C#N.CO,0.056968796189318,0.832068796189318
Dimethyl 5-hydroxyisophthalate,Z44,13036-02-7,210,O=C(OC)C1=CC(O)=CC(C(OC)=O)=C1,CO,Methanol,0.909265285489332,0.0106,O=C(OC)C1=CC(O)=CC(C(OC)=O)=C1.CO,0.056446927846915,0.894653072153085
"9-ANTHRACENEMETHANOL, 97%",D9,1468-95-7,208,OCc1c2ccccc2cc3ccccc13,CO,Methanol,0.886416653822948,0.0011,OCc1c2ccccc2cc3ccccc13.CO,0.056099378150717,0.892200621849283
"4-NITROANISOLE, 97%",D21,100-17-4,153,COc1ccc(cc1)[N+]([O-])=O,CO,Methanol,0.342439979415543,0.0972,COc1ccc(cc1)[N+]([O-])=O.CO,0.055986876960131,0.338986876960131
"1,3-Dibenzoylbenzene",D29,3770-82-9,286,O=C(C1=CC(C(C2=CC=CC=C2)=O)=CC=C1)C3=CC=CC=C3,CO,Methanol,0.94816911991613,0.0044,O=C(C1=CC(C(C2=CC=CC=C2)=O)=CC=C1)C3=CC=CC=C3.CO,0.055587446268958,0.913412553731042
"1,2,4,5-Tetrakis(bromomethyl) benzene","CB31, CB41",15442-91-8,445.7515987,BrCC1=C(CBr)C=C(CBr)C(CBr)=C1,CO,Methanol,0.948089838538978,0.0339,BrCC1=C(CBr)C=C(CBr)C(CBr)=C1.CO,0.055581452812535,0.891218547187465
Fluoxetine Hydrochloride,AP13,56296-78-7,345,CNCCC(C1=CC=CC=C1)OC2=CC=C(C=C2)C(F)(F)F,CO,Methanol,0.957068068952868,0.0015,CNCCC(C1=CC=CC=C1)OC2=CC=C(C=C2)C(F)(F)F.CO,0.055525511967591,0.928974488032409
4-Fluoroaniline,CJ64,371-40-4,111.0484274,NC1=CC=C(F)C=C1,CO,Methanol,0.268528019296017,0.0473,NC1=CC=C(F)C=C1.CO,0.054858747033658,0.299758747033658
2-Pheylphenol,CQ4,90-43-7,170.0731649,OC1=CC=CC=C1C2=CC=CC=C2,CO,Methanol,0.805304479573417,0.07,OC1=CC=CC=C1C2=CC=CC=C2.CO,0.054617871319668,0.760482128680332
LCE-079,CC94,,402.5,C1C=CC=C(OC2=CC=C(S(=O)(=O)C3C=CC(OC4=CC=CC=C4)=CC=3)C=C2)C=1,CO,Methanol,0.986593992851266,0,C1C=CC=C(OC2=CC=C(S(=O)(=O)C3C=CC(OC4=CC=CC=C4)=CC=3)C=C2)C=1.CO,0.05430116291829,0.94569883708171
"2-NITROPHENOL, 98%",D18,88-75-5,139,Oc1ccccc1[N+]([O-])=O,CO,Methanol,0.435514113057297,0.0238,Oc1ccccc1[N+]([O-])=O.CO,0.053822098213185,0.430622098213185
,Z8,5779-95-3,134,O=CC1=CC(C)=CC(C)=C1,CO,Methanol,0.737209770831576,0.0388,O=CC1=CC(C)=CC(C)=C1.CO,0.052927126830777,0.730272873169223
Caffeine,AP19,58-08-2,194,CN1C=NC2=C1C(=O)N(C(=O)N2C)C,CO,Methanol,0.801124912665256,0.0111,CN1C=NC2=C1C(=O)N(C(=O)N2C)C.CO,0.052630524762256,0.885030524762256
"2-bromo-1,3-dimethylbenzene",Z117,576-22-7,185,CC1=C(C(=CC=C1)C)Br,CO,Methanol,0.676805605493224,0.0504,CC1=C(C(=CC=C1)C)Br.CO,0.052093399002448,0.681606600997552
"2,5-Furandicarbaldehyde",RB2,823-82-5,124,C1=C(OC(=C1)C=O)C=O,CO,Methanol,0.607274336845349,0.015,C1=C(OC(=C1)C=O)C=O.CO,0.051661022536481,0.549638977463519
4-aminobenzonitrile,Z140,873-74-5,118,N#CC1=CC=C(N)C=C1,CO,Methanol,0.33431368546749,0.0579,N#CC1=CC=C(N)C=C1.CO,0.051560890511767,0.365560890511767
4-nitrophenol,Z130,100-02-7,139,OC1=CC=C([N+]([O-])=O)C=C1,CO,Methanol,0.39714060463487,0.0359,OC1=CC=C([N+]([O-])=O)C=C1.CO,0.051279112656571,0.371620887343429
Naphthol blue black,CO39,1064-48-8,616.0059066,NC1=C(C(S(O)(=O)=O)=CC2=C1C(O)=C(C(S(O)(=O)=O)=C2)/N=N/C3=CC=CC=C3)/N=N/C4=CC=C(C=C4)[N+]([O-])=O,CO,Methanol,1.05006665080984,0,NC1=C(C(S(O)(=O)=O)=CC2=C1C(O)=C(C(S(O)(=O)=O)=C2)/N=N/C3=CC=CC=C3)/N=N/C4=CC=C(C=C4)[N+]([O-])=O.CO,0.050783274325791,1.05058327432579
"1,3,5-Tris(4-aminophenyl)benzene",CA144,118727-34-7,351.44,Nc1ccc(-c2cc(-c3ccc(N)cc3)cc(-c3ccc(N)cc3)c2)cc1,CO,Methanol,0.988631294488594,0.0001,Nc1ccc(-c2cc(-c3ccc(N)cc3)cc(-c3ccc(N)cc3)c2)cc1.CO,0.049665635515609,0.950134364484391
4-Aminobenzonitrile,CA119,873-74-5,118.0530982,N#CC1=CC=C(N)C=C1,CO,Methanol,0.33431368546749,0.0233,N#CC1=CC=C(N)C=C1.CO,0.049460890511767,0.365560890511767
Thiacloprid,AP45,111988-49-9,252.023645,C1CSC(=NC#N)N1CC2=CN=C(C=C2)Cl,CO,Methanol,0.845158282093477,0.0087,C1CSC(=NC#N)N1CC2=CN=C(C=C2)Cl.CO,0.048612332866247,0.838987667133753
4-Bromoanisole,CC23,104-92-7,185.9680269,COC1=CC=C(Br)C=C1,CO,Methanol,0.318206756250803,0.0299,COC1=CC=C(Br)C=C1.CO,0.048571982602493,0.324171982602493
Bisphenol A,CR17,80-05-7,228.1150298,OC1=CC=C(C=C1)C(C)(C)C2=CC=C(C=C2)O,CO,Methanol,0.964069741301443,0,OC1=CC=C(C=C1)C(C)(C)C2=CC=C(C=C2)O.CO,0.048482952628734,0.951517047371266
,Z30,626-00-6,330,IC1=CC(I)=CC=C1,CO,Methanol,0.427665130825832,0.0118,IC1=CC(I)=CC=C1.CO,0.048317719847228,0.362782280152772
Roxithromycin,AP3,80214-83-1,836.5245697,C[C@@H]1[C@@H](O[C@H]2[C@H](O)[C@@H](N(C)C)C[C@@H](C)O2)[C@](C)(O)C[C@@H](C)/C([C@H](C)[C@@H](O)[C@](C)(O)[C@@H](CC)OC([C@H](C)[C@H]1O[C@@H]3O[C@@H](C)[C@H](O)[C@](C)(OC)C3)=O)=N\OCOCCOC,CO,Methanol,1.03022770576999,0.0005,C[C@@H]1[C@@H](O[C@H]2[C@H](O)[C@@H](N(C)C)C[C@@H](C)O2)[C@](C)(O)C[C@@H](C)/C([C@H](C)[C@@H](O)[C@](C)(O)[C@@H](CC)OC([C@H](C)[C@H]1O[C@@H]3O[C@@H](C)[C@H](O)[C@](C)(OC)C3)=O)=N\OCOCCOC.CO,0.047415252496401,1.0460152524964
4-Benzoylbenzoic acid,Z106,611-95-0,226,C1=CC=C(C=C1)C(=O)C2=CC=C(C=C2)C(=O)O,CO,Methanol,0.934837306423268,0.039,C1=CC=C(C=C1)C(=O)C2=CC=C(C=C2)C(=O)O.CO,0.047386355003801,0.895986355003801
"1,3,5-tris(4-carboxyphenyl)benzene",CA157,50446-44-1,438.43,O=C(O)c1ccc(-c2cc(-c3ccc(C(=O)O)cc3)cc(-c3ccc(C(=O)O)cc3)c2)cc1,CO,Methanol,1.06992570732251,0.0049,O=C(O)c1ccc(-c2cc(-c3ccc(C(=O)O)cc3)cc(-c3ccc(C(=O)O)cc3)c2)cc1.CO,0.047217004032762,1.04401700403276
Tetrafluoroterephthalonitrile,CC44,1835-49-0,199.9997609,N#CC1=C(F)C(F)=C(C#N)C(F)=C1F,CO,Methanol,0.933305576997883,0.0105,N#CC1=C(F)C(F)=C(C#N)C(F)=C1F.CO,0.046540964330325,0.903559035669675
4-Iodotoluene,CB87,624-31-7,218.03,Cc1ccc(I)cc1,CO,Methanol,0.371238318067291,0.0163,Cc1ccc(I)cc1.CO,0.045928831696318,0.341628831696318
 Artemisinin  ,AP6,63968-64-9,282.1467238,CC1CCC2C(C(=O)OC3C24C1CCC(O3)(OO4)C)C,CO,Methanol,1.00612588385559,0.0008,CC1CCC2C(C(=O)OC3C24C1CCC(O3)(OO4)C)C.CO,0.044591313790829,0.953708686209171
,Z38,624-28-2,237,BrC1=CN=C(Br)C=C1,CO,Methanol,0.305763293893631,0.0526,BrC1=CN=C(Br)C=C1.CO,0.044384901074677,0.310515098925323
"3,4,5-TRIMETHYLPHENOL, 97%",CA5,527-54-8,137,Cc1cc(O)cc(C)c1C,CO,Methanol,0.812603449217975,0.0069,Cc1cc(O)cc(C)c1C.CO,0.044367468610716,0.872232531389284
"4-[3,5-bis(4-carboxyphenyl)phenyl]benzoic acid",Z80,50446-44-1,484,C1=CC(=CC=C1C2=CC(=CC(=C2)C3=CC=C(C=C3)C(=O)O)C4=CC=C(C=C4)C(=O)O)C(=O)O,CO,Methanol,1.06992573879586,0,C1=CC(=CC=C1C2=CC(=CC(=C2)C3=CC=C(C=C3)C(=O)O)C4=CC=C(C=C4)C(=O)O)C(=O)O.CO,0.044017068798461,1.04401706879846
"4-BROMOANILINE, 97%",CC3,106-40-1,170,Nc1ccc(Br)cc1,CO,Methanol,0.275447813715787,0.0598,Nc1ccc(Br)cc1.CO,0.043672892333863,0.296127107666137
Oleylamine,Z164,112-90-3,267,CCCCCCCCC=CCCCCCCCCN,CO,Methanol,1.03404853939638,0.0041,CCCCCCCCC=CCCCCCCCCN.CO,0.042767308872393,0.975267308872393
2-Methylpyridine,CD8,109-06-8,93.05784922,CC1=NC=CC=C1,CO,Methanol,0.226830610023639,0.0739,CC1=NC=CC=C1.CO,0.042377001878544,0.221277001878544
,Z58,5372-81-6,209,O=C(OC)C1=CC=C(C(OC)=O)C=C1N,CO,Methanol,0.878577585697796,0.0068,O=C(OC)C1=CC=C(C(OC)=O)C=C1N.CO,0.04236985789247,0.87183014210753
trans-4-Cyclohexyl-L-proline hydrochloride,D44,90657-55-9,233,O=C(O)[C@H]1NC[C@H](C2CCCCC2)C1,CO,Methanol,1.00223165436913,0.0947,O=C(O)[C@H]1NC[C@H](C2CCCCC2)C1.CO,0.041729984344017,0.899770015655983
"BROMOBENZENE, REAGENTPLUS, 99%",D15,108-86-1,156,Brc1ccccc1,CO,Methanol,0.14869599597518,0.0509,Brc1ccccc1.CO,0.041604380118031,0.178204380118031
"2,5 dimethyl anilin",CC46,95-78-3,121.0891494,NC1=CC(C)=CC=C1C,CO,Methanol,0.598543085703733,0.0208,NC1=CC(C)=CC=C1C.CO,0.04126940542015,0.64563059457985
pyrimethanie (mebendazole),RB23,31431-39-7,295.0956913,COC(=O)NC1=NC2=C(N1)C=C(C=C2)C(=O)C3=CC=CC=C3,CO,Methanol,0.988596957060061,0.0132,COC(=O)NC1=NC2=C(N1)C=C(C=C2)C(=O)C3=CC=CC=C3.CO,0.04109942327958,0.94070057672042
Mometasone Furoate,AP11,83919-23-7,520.141944,CC1CC2C3CCC4=CC(=O)C=CC4(C3(C(CC2(C1(C(=O)CCl)OC(=O)C5=CC=CO5)C)O)Cl)C,CO,Methanol,0.995596410537224,0.007,CC1CC2C3CCC4=CC(=O)C=CC4(C3(C(CC2(C1(C(=O)CCl)OC(=O)C5=CC=CO5)C)O)Cl)C.CO,0.040821909694013,1.02842190969401
(R)-(?)-1-Indanol,CA170,697-64-3,134.0731649,O[C@@H]1CCC2=C1C=CC=C2,CO,Methanol,0.77081874860001,0.0254,O[C@@H]1CCC2=C1C=CC=C2.CO,0.039973697302321,0.778226302697679
6-Amino-3-bromo-2-methylpyridine,CB144,42753-71-9,185.9792603,CC1=NC(N)=CC=C1Br,CO,Methanol,0.606007321926864,0.0209,CC1=NC(N)=CC=C1Br.CO,0.03950145838123,0.60459854161877
"4,5-dichlorophthalonitrile ",CP8,139152-08-2,195.9595034,N#CC1=CC(Cl)=C(Cl)C=C1C#N,CO,Methanol,0.744681088559215,0.0663,N#CC1=CC(Cl)=C(Cl)C=C1C#N.CO,0.038811020206201,0.751211020206201
9-(2-Hydroxyethyl)anthracene,CA139,54060-73-0,222.1044651,OCCC1=C2C=CC=CC2=CC3=CC=CC=C13,CO,Methanol,0.920529598662303,0.0039,OCCC1=C2C=CC=CC2=CC3=CC=CC=C13.CO,0.038531815835106,0.919168184164893
Sulfamethoxazole,AP38,723-46-6,253,CC1=CC(NS(=O)(C2=CC=C(C=C2)N)=O)=NO1,CO,Methanol,1.01244598500015,0,CC1=CC(NS(=O)(C2=CC=C(C=C2)N)=O)=NO1.CO,0.03838994720754,0.96161005279246
TARTRAZINE,"fridge top, large acros bottle",1934-21-0,534.36,O=C1N(C2=CC=C(S(=O)(O)=O)C=C2)N=C(C(O)=O)C1N=NC3=CC=C(S(=O)(O)=O)C=C3,CO,Methanol,1.05638791646848,0,O=C1N(C2=CC=C(S(=O)(O)=O)C=C2)N=C(C(O)=O)C1N=NC3=CC=C(S(=O)(O)=O)C=C3.CO,0.037990329152728,1.03799032915273
Naproxen,RB28,22204-53-1,230.0942943,O=C([C@H](C1=CC2=CC=C(OC)C=C2C=C1)C)O,CO,Methanol,0.978763328111465,0.0017,O=C([C@H](C1=CC2=CC=C(OC)C=C2C=C1)C)O.CO,0.03719108391736,0.95260891608264
Tadalafil,CA114,171596-29-5,389.4,CN1CC(=O)N2[C@H](Cc3c([nH]c4ccccc34)[C@H]2c2ccc3c(c2)OCO3)C1=O,CO,Methanol,0.955734621653746,0,CN1CC(=O)N2[C@H](Cc3c([nH]c4ccccc34)[C@H]2c2ccc3c(c2)OCO3)C1=O.CO,0.036939260337751,0.963060739662249
Losartan,AP53,124750-99-8,422.162187,OCC1=C(N=C(N1CC2=CC=C(C3=C(C4=NN=NN4)C=CC=C3)C=C2)CCCC)Cl,CO,Methanol,1.04455255077187,0,OCC1=C(N=C(N1CC2=CC=C(C3=C(C4=NN=NN4)C=CC=C3)C=C2)CCCC)Cl.CO,0.036768200431226,1.03676820043123
Triphenylacetic acid,Z94,595-91-5,288,C1=CC=C(C=C1)C(C2=CC=CC=C2)(C3=CC=CC=C3)C(=O)O,CO,Methanol,1.02978632346226,0,C1=CC=C(C=C1)C(C2=CC=CC=C2)(C3=CC=CC=C3)C(=O)O.CO,0.035875081455629,1.03587508145563
"1,5-Difluoro-2,4-dinitrobenzene",CA61,327-92-4,203.998263,O=[N+](C1=C(F)C=C(F)C([N+]([O-])=O)=C1)[O-],CO,Methanol,0.619480568801455,0.073,O=[N+](C1=C(F)C=C(F)C([N+]([O-])=O)=C1)[O-].CO,0.035591286810558,0.642091286810558
"3-NITROPHENOL, REAGENTPLUS, 99%",Z127,554-84-7,139,OC1=CC=CC([N+]([O-])=O)=C1,CO,Methanol,0.439287689443596,0.0293,OC1=CC=CC([N+]([O-])=O)=C1.CO,0.035531534834575,0.422531534834575
1-Boc-3-pyrrolidinol,CB175,103057-44-9,187.24,CC(C)(C)OC(=O)N1CCC(C1)O,CO,Methanol,0.962365175955998,0.0027,CC(C)(C)OC(=O)N1CCC(C1)O.CO,0.035528318711209,0.913671681288792
,Z9,92-44-4,160,OC1=C(O)C=C2C=CC=CC2=C1,CO,Methanol,0.831415938047527,0.0338,OC1=C(O)C=C2C=CC=CC2=C1.CO,0.035129248411174,0.826529248411174
"1,2-Dimethoxybenzene",Z18,91-16-7,138,COC1=CC=CC=C1OC,CO,Methanol,0.551886018854775,0.0534,COC1=CC=CC=C1OC.CO,0.034722868295575,0.510677131704425
Aniline,CP37,62-53-3,93.13,C1=CC=C(C=C1)N,CO,Methanol,0.135899622906613,0.0208,C1=CC=C(C=C1)N.CO,0.034413774324384,0.177486225675616
"5,6-dimethoxy-2,3-dihydroinden-1-one",Z75,2107-69-9,192,COC1=C(C=C2C(=C1)CCC2=O)OC,CO,Methanol,0.889217137069593,0.0203,COC1=C(C=C2C(=C1)CCC2=O)OC.CO,0.034390951686845,0.867009048313155
2-Cyclohexenone,Z177,930-68-7,96,C1CC=CC(=O)C1,CO,Methanol,0.46253320009604,0.0207,C1CC=CC(=O)C1.CO,0.033499406763951,0.440199406763951
"2,4-Diphenyl-4-methyl-1-pentene",CJ63,6362-80-7,236.35,CC(C)(CC(=C)C1=CC=CC=C1)C2=CC=CC=C2,CO,Methanol,0.970915321553955,0.0005,CC(C)(CC(=C)C1=CC=CC=C1)C2=CC=CC=C2.CO,0.033437636901528,0.960062363098472
Fenbendazole,RB24,43210-67-9,299.0728477,COC(NC1=NC2=C(C=C(SC3=CC=CC=C3)C=C2)N1)=O,CO,Methanol,0.969974866281751,0.0092,COC(NC1=NC2=C(C=C(SC3=CC=CC=C3)C=C2)N1)=O.CO,0.033341084710006,0.918658915289994
,Z22,626-05-1,235,BrC1=CC=CC(Br)=N1,CO,Methanol,0.351309831337085,0.0619,BrC1=CC=CC(Br)=N1.CO,0.033217076833758,0.335482923166242
a-Methylbenzylamine,CA77,618-36-0,121.0891494,NC(C)C1=CC=CC=C1,CO,Methanol,0.582732604002487,0.0384,NC(C)C1=CC=CC=C1.CO,0.033149821961153,0.580650178038847
ANETHOL,Z156,4180-23-8,148,CC=CC1=CC=C(C=C1)OC,CO,Methanol,0.531537331383657,0.0259,CC=CC1=CC=C(C=C1)OC.CO,0.033052340978459,0.506152340978459
"3,5-Difluorobenzonitrile",CA78,64248-63-1,139.0233555,N#CC1=CC(F)=CC(F)=C1,CO,Methanol,0.561539919218922,0.0185,N#CC1=CC(F)=CC(F)=C1.CO,0.032616273077697,0.630283726922303
Avobenzone Pharmaceutical Secondary Stan (Avobenzone),AP12,70356-09-1,310.1568946,CC(C)(C)C1=CC=C(C=C1)C(=O)CC(=O)C2=CC=C(C=C2)OC,CO,Methanol,0.982525652773932,0,CC(C)(C)C1=CC=C(C=C1)C(=O)CC(=O)C2=CC=C(C=C2)OC.CO,0.032550526151885,0.967449473848115
Propiconazole,RB44,60207-90-1,341.0697821,CCCC(CO1)OC1(C2=C(Cl)C=C(Cl)C=C2)CN3N=CN=C3,CO,Methanol,0.969982010732968,0.001,CCCC(CO1)OC1(C2=C(Cl)C=C(Cl)C=C2)CN3N=CN=C3.CO,0.032284003201842,0.946815996798157
5-Fluoroisatin,CC67,443-69-6,165.02,O=C1NC2=C(C=C(F)C=C2)C1=O,CO,Methanol,0.731828334912246,0.0063,O=C1NC2=C(C=C(F)C=C2)C1=O.CO,0.032143042074399,0.758456957925601
,Z59,122-95-2,166,CCOC1=CC=C(OCC)C=C1,CO,Methanol,0.610574687758637,0.0197,CCOC1=CC=C(OCC)C=C1.CO,0.031639757950975,0.656860242049025
Atenolol,AP1 ,29122-68-7,266,CC(C)NCC(COC1=CC=C(C=C1)CC(=O)N)O,CO,Methanol,1.00573750267494,0.0011,CC(C)NCC(COC1=CC=C(C=C1)CC(=O)N)O.CO,0.031338926597673,0.960661073402327
Thiamine hydrochloride (Vitamin B1),AP24,67-03-8,336.0578376,OCCC1=C(C)[N+](CC2=CN=C(C)N=C2N)=CS1,CO,Methanol,0.946454435887575,0,OCCC1=C(C)[N+](CC2=CN=C(C)N=C2N)=CS1.CO,0.030991551035018,0.969008448964982
"2-AMINOPHENOL, 98%",D26,95-55-6,109,OC1=CC=CC=C1N,CO,Methanol,0.395106985379887,0.0284,OC1=CC=CC=C1N.CO,0.030909158411855,0.447309158411855
4-chloroaniline,Z142,106-47-8,127,NC1=CC=C(Cl)C=C1,CO,Methanol,0.234323660101784,0.0351,NC1=CC=C(Cl)C=C1.CO,0.030599109247955,0.258600890752045
2-AMINOBENZAMIDE,CK 16,88-68-6,136,C1=CC=C(C(=C1)C(=O)N)N,CO,Methanol,0.672065866006268,0.0198,C1=CC=C(C(=C1)C(=O)N)N.CO,0.030397514902197,0.693402485097803
Piroxicam,RB38,36322-90-4,307.14514,CC(C)(C)C(CCC1=CC=C(C=C1)Cl)(CN2C=NC=N2)O,CO,Methanol,1.0023577680961,0.0017,CC(C)(C)C(CCC1=CC=C(C=C1)Cl)(CN2C=NC=N2)O.CO,0.030364301920309,1.01726430192031
Tenoxicam,RB34,59804-37-4,337.0190978,CN1C(C(NC2=CC=CC=N2)=O)=C(C3=C(S1(=O)=O)C=CS3)O,CO,Methanol,0.978170779287471,0.0006,CN1C(C(NC2=CC=CC=N2)=O)=C(C3=C(S1(=O)=O)C=CS3)O.CO,0.030017480885731,0.968482519114269
"COUMARIN 6, 98%",D13,38215-36-0,350,CCN(CC)c1ccc2C=C(C(=O)Oc2c1)c3sc4ccccc4n3,CO,Methanol,1.054049383366,0,CCN(CC)c1ccc2C=C(C(=O)Oc2c1)c3sc4ccccc4n3.CO,0.029921591814349,1.02992159181435
Triptycene,CB135,477-75-8,254.1095504,C12C3=C(C=CC=C3)C(C4=C2C=CC=C4)C5=C1C=CC=C5,CO,Methanol,0.952898431887696,0,C12C3=C(C=CC=C3)C(C4=C2C=CC=C4)C5=C1C=CC=C5.CO,0.029740374897958,0.970259625102042
Methyl orange,"Q26, N30",547-58-0,327.0653566,OS(C1=CC=C(C=C1)/N=N/C2=CC=C(C=C2)N(C)C)(=O)=O,CO,Methanol,1.00140636009693,0,OS(C1=CC=C(C=C1)/N=N/C2=CC=C(C=C2)N(C)C)(=O)=O.CO,0.029715763932713,0.970284236067287
Metformin Hydrochloride,"AP58, RB33",1115-70-4,165.0781231,CN(C)C(=N)N=C(N)N,CO,Methanol,0.911648557963636,0.0796,CN(C)C(=N)N=C(N)N.CO,0.029533680873208,0.876833680873208
"1,3-dioxoisoindolin-2-yl adamantane-1-carboxylate",,,325.1314081,O=C(N(OC(C12CC3CC(CC(C2)C3)C1)=O)C4=O)C5=C4C=CC=C5,CO,Methanol,0.993803499488854,0.0002,O=C(N(OC(C12CC3CC(CC(C2)C3)C1)=O)C4=O)C5=C4C=CC=C5.CO,0.029238090475845,0.969261909524155
"1-NITRONAPHTHALENE, 99%",Z132,86-57-7,173,C1=CC=C2C(=C1)C=CC=C2[N+](=O)[O-],CO,Methanol,0.503726060040461,0.0296,C1=CC=C2C(=C1)C=CC=C2[N+](=O)[O-].CO,0.028123383773075,0.517876616226925
,Z172,1611-92-3,249,CC1=CC(=CC(=C1)Br)Br,CO,Methanol,0.625365409205513,0.0124,CC1=CC(=CC(=C1)Br)Br.CO,0.02795981342726,0.62995981342726
(+)-Quinidine,CA108,56-54-2,324.42,C=C[C@H]1CN2CC[C@H]1C[C@@H]2[C@@H](O)c1ccnc2ccc(OC)cc12,CO,Methanol,1.01606831618681,0.0004,C=C[C@H]1CN2CC[C@H]1C[C@@H]2[C@@H](O)c1ccnc2ccc(OC)cc12.CO,0.027693994947087,0.971706005052913
Nicotinamide,AP27,98-92-0,122,C1=CC(=CN=C1)C(=O)N,CO,Methanol,0.512826013648529,0.0246,C1=CC(=CN=C1)C(=O)N.CO,0.027594136126838,0.529794136126838
"2-METHOXY-5-NITROANILINE, 98%",CA2,99-59-2,168,COc1ccc(cc1N)[N+]([O-])=O,CO,Methanol,0.529885987478769,0.0442,COc1ccc(cc1N)[N+]([O-])=O.CO,0.026815091033035,0.543415091033035
Triptycene,CB109,477-75-8,254,C1=CC=C2C3C4=CC=CC=C4C(C2=C1)C5=CC=CC=C35,CO,Methanol,0.952898431887696,0.0003,C1=CC=C2C3C4=CC=CC=C4C(C2=C1)C5=CC=CC=C35.CO,0.026740407280807,0.970259592719193
"5-(trifluoromethyl)benzene-1,3-diamine",Z179,368-53-6,176,C1=C(C=C(C=C1N)N)C(F)(F)F,CO,Methanol,0.813916194918914,0.0119,C1=C(C=C(C=C1N)N)C(F)(F)F.CO,0.02524826756569,0.84754826756569
,Z36,7226-23-5,128,O=C1N(C)CCCN1C,CO,Methanol,0.604126789062698,0.0865,O=C1N(C)CCCN1C.CO,0.025174298554053,0.669374298554053
,Z172,1611-92-3,249,CC1=CC(=CC(=C1)Br)Br,CO,Methanol,0.625365409205513,0.0375,CC1=CC(=CC(=C1)Br)Br.CO,0.02495981342726,0.62995981342726
"2,5-Dimethoxybenzaldehyde",Z50,93-02-7,166,COC1=CC(=C(C=C1)OC)C=O,CO,Methanol,0.701014909093814,0.0089,COC1=CC(=C(C=C1)OC)C=O.CO,0.024098978023125,0.669201021976875
"4,4'-(9H-fluorene-9,9-diyl)dianiline",Z139,15499-84-0,348,C1=CC=C2C(=C1)C3=CC=CC=C3C2(C4=CC=C(C=C4)N)C5=CC=C(C=C5)N,CO,Methanol,0.996160350083,0.0004,C1=CC=C2C(=C1)C3=CC=CC=C3C2(C4=CC=C(C=C4)N)C5=CC=C(C=C5)N.CO,0.022992282687914,1.02269228268791
5-Nitro-2-oxindole,CA95,20870-79-5,178.0378421,O=C1NC2=CC=C([N+]([O-])=O)C=C2C1,CO,Methanol,0.748089058670201,0.0653,O=C1NC2=CC=C([N+]([O-])=O)C=C2C1.CO,0.02284217838342,0.73195782161658
,Z28,91-44-1,231,O=C1OC2=C(C=CC(N(CC)CC)=C2)C(C)=C1,CO,Methanol,0.971815365040424,0.0037,O=C1OC2=C(C=CC(N(CC)CC)=C2)C(C)=C1.CO,0.02224228923438,0.964957710765619
5-Bromo-2-methoxypyrimidine,CB16,14001-66-2,189.01,COc1ncc(Br)cn1,CO,Methanol,0.36028247523075,0.1353,COc1ncc(Br)cn1.CO,0.021958341740058,0.366858341740057
NNN'N'-Tetraethylisophthalamide,D42,13698-87-8,276,CCN(CC)C(C1=CC=CC(C(N(CC)CC)=O)=C1)=O,CO,Methanol,1.0311942839255,0.0008,CCN(CC)C(C1=CC=CC(C(N(CC)CC)=O)=C1)=O.CO,0.021863659111908,1.02066365911191
dibenzoyl-L-tartaric acid,CF14,2743-38-6,358.3,C1=CC=C(C=C1)C(=O)O[C@H]([C@H](C(=O)O)OC(=O)C2=CC=CC=C2)C(=O)O,CO,Methanol,1.03386665488723,0.0013,C1=CC=C(C=C1)C(=O)O[C@H]([C@H](C(=O)O)OC(=O)C2=CC=CC=C2)C(=O)O.CO,0.02148562327108,1.01468562327108
5-Fluoroisatin,CC67,443-69-6,165.0226066,O=C1NC2=C(C=C(F)C=C2)C1=O,CO,Methanol,0.731828334912246,0.0254,O=C1NC2=C(C=C(F)C=C2)C1=O.CO,0.021443042074399,0.758456957925601
"Diphenyl(2,4,6-trimethylbenzoyl)phosphine oxide",CB44,75980-60-8,348.37,CC1=CC(=C(C(=C1)C)C(=O)P(=O)(C2=CC=CC=C2)C3=CC=CC=C3)C,CO,Methanol,1.01503649376975,0,CC1=CC(=C(C(=C1)C)C(=O)P(=O)(C2=CC=CC=C2)C3=CC=CC=C3)C.CO,0.020966633047212,1.02096663304721
Enoxacin,AP51,74011-58-8,320.1284686,CCN1C=C(C(C2=CC(F)=C(N3CCNCC3)N=C12)=O)C(O)=O,CO,Methanol,1.00425970284056,0,CCN1C=C(C(C2=CC(F)=C(N3CCNCC3)N=C12)=O)C(O)=O.CO,0.020940659508957,0.979059340491043
Acetaminophen,D31,103-84-4,151,O=C(C)NC1=CC=C(O)C=C1,CO,Methanol,0.811287745021818,0.0418,O=C(C)NC1=CC=C(O)C=C1.CO,0.02043715819389,0.712937158193889
"2-Ethylhexyl 2-cyano-3,3-diphenylacrylate",CA81,6197-30-4,361.48,CCCCC(CC)COC(=O)C(C#N)=C(c1ccccc1)c1ccccc1,CO,Methanol,1.04655523172048,0,CCCCC(CC)COC(=O)C(C#N)=C(c1ccccc1)c1ccccc1.CO,0.020227235455848,1.02022723545585
2-(Trifluoromethyl)benzoic acid,Z180,433-97-6,190,C1=CC=C(C(=C1)C(=O)O)C(F)(F)F,CO,Methanol,0.914665987035096,0.0115,C1=CC=C(C(=C1)C(=O)O)C(F)(F)F.CO,0.020106473895386,0.896406473895386
"2,5-dibromo-3,4-dinitrothiophene",CA29,52431-30-8,329.79,O=[N+](C1=C(Br)SC(Br)=C1[N+]([O-])=O)[O-],CO,Methanol,0.755175532035276,0.0048,O=[N+](C1=C(Br)SC(Br)=C1[N+]([O-])=O)[O-].CO,0.020081584697652,0.759881584697652
Tebuconazole,RB40,107534-96-3,307.14514,CC(C)(C)C(CCC1=CC=C(C=C1)Cl)(CN2C=NC=N2)O,CO,Methanol,1.0023577680961,0.0005,CC(C)(C)C(CCC1=CC=C(C=C1)Cl)(CN2C=NC=N2)O.CO,0.020064301920309,1.01726430192031
,Z70,581-43-1,160,OC1=CC2=CC=C(O)C=C2C=C1,CO,Methanol,0.800189382972856,0.0338,OC1=CC2=CC=C(O)C=C2C=C1.CO,0.019917252842648,0.774082747157352
Aniline,CP37,62-53-3,93.13,C1=CC=C(C=C1)N,CO,Methanol,0.135899622906613,0.0454,C1=CC=C(C=C1)N.CO,0.019713774324384,0.177486225675616
Sulfamethoxazole,AP38,723-46-6,253.0521122,CC1=CC(NS(=O)(C2=CC=C(C=C2)N)=O)=NO1,CO,Methanol,1.01244598500015,0.0049,CC1=CC(NS(=O)(C2=CC=C(C=C2)N)=O)=NO1.CO,0.01948994720754,0.96161005279246
"3-AMINOPHENOL, 98%",D7,591-27-5,109,Nc1cccc(O)c1,CO,Methanol,0.429617454409047,0.0221,Nc1cccc(O)c1.CO,0.019332925193708,0.446467074806292
"2,6-Di-tert-butyl-4-methylpyridine",Z146,38222-83-2,205,CC1=CC(=NC(=C1)C(C)(C)C)C(C)(C)C,CO,Methanol,1.01099717212423,,CC1=CC(=NC(=C1)C(C)(C)C)C(C)(C)C.CO,0.019011649832114,1.01891164983211
4-chloroaniline,Z142,106-47-8,127,NC1=CC=C(Cl)C=C1,CO,Methanol,0.234323660101784,0.0578,NC1=CC=C(Cl)C=C1.CO,0.019000890752045,0.258600890752045
"2,6-DI-TERT-BUTYL-4-METHYLPYRIDINE, 98%",D14,38222-83-2,205,Cc1cc(nc(c1)C(C)(C)C)C(C)(C)C,CO,Methanol,1.01099717212423,0,Cc1cc(nc(c1)C(C)(C)C)C(C)(C)C.CO,0.018911649832114,1.01891164983211
tert-Butylhydroquinone,CQ21,1948-33-0,166.0993797,OC1=CC=C(O)C=C1C(C)(C)C,CO,Methanol,0.958534066279729,0.0051,OC1=CC=C(O)C=C1C(C)(C)C.CO,0.018905001045771,0.963194998954229
"5,5'-Dithiobis(2-nitrobenzoic acid)",RB45,69-78-3,395.9722072,O=C(O)C1=CC(SSC2=CC=C([N+]([O-])=O)C(C(O)=O)=C2)=CC=C1[N+]([O-])=O,CO,Methanol,0.973667383046432,0.024,O=C(O)C1=CC(SSC2=CC=C([N+]([O-])=O)C(C(O)=O)=C2)=CC=C1[N+]([O-])=O.CO,0.018692061355174,0.944292061355174
Histamine,CB45,51-45-6,111,C1=C(NC=N1)CCN,CO,Methanol,0.585345199197821,0.0322,C1=C(NC=N1)CCN.CO,0.018371087223922,0.577571087223922
"1,4-Dimethoxybenzene",CK2,150-78-7,138.0680796,COC1=CC=C(OC)C=C1,CO,Methanol,0.364427515870259,0.0192,COC1=CC=C(OC)C=C1.CO,0.018200211225349,0.372500211225349
4-hydroxybenzaldehyde,CK34,123-08-0,122.0367794,O=CC1=CC=C(O)C=C1,CO,Methanol,0.510551308506692,0.0667,O=CC1=CC=C(O)C=C1.CO,0.018081605972548,0.455218394027452
3-Fluoroaniline,CB145,372-19-0,111.0484274,NC1=CC=CC(F)=C1,CO,Methanol,0.311446279945818,0.0322,NC1=CC=CC(F)=C1.CO,0.017143222688539,0.357443222688539
BIOTIN,CD1,58-85-5,244,OC(=O)CCCCC1SCC2NC(=O)NC12,CO,Methanol,0.974761396809753,0.0357,OC(=O)CCCCC1SCC2NC(=O)NC12.CO,0.017088853243264,0.933388853243264
4-aminobenzonitrile,Z140,873-74-5,118,N#CC1=CC=C(N)C=C1,CO,Methanol,0.33431368546749,0.0275,N#CC1=CC=C(N)C=C1.CO,0.016939109488233,0.365560890511767
"3,5-Dimethoxyaniline",Z3,10272-07-8,153,NC1=CC(OC)=CC(OC)=C1,CO,Methanol,0.63816178227408,0.0586,NC1=CC(OC)=CC(OC)=C1.CO,0.016591738962981,0.648591738962981
"4,5-Dibromo-o-xylene",CB53,24932-48-7,261.8992745,CC1=CC(Br)=C(Br)C=C1C,CO,Methanol,0.773468309248883,0.0624,CC1=CC(Br)=C(Br)C=C1C.CO,0.016501744194547,0.800898255805454
(R)-(+)-1-(4-Methoxyphenyl)ethylamine 5G,CA162,22038-86-4,151,N[C@@H](C1=CC=C(OC)C=C1)C,CO,Methanol,0.71097049120107,0.0234,N[C@@H](C1=CC=C(OC)C=C1)C.CO,0.016176364397475,0.672423635602525
BENZALDEHYDE,CM5,100-52-7,106.12,O=Cc1ccccc1,CO,Methanol,0.252439785251235,0.0219,O=Cc1ccccc1.CO,0.016154690990954,0.262945309009046
1-Methylnaphthalene,CC25,90-12-0,142,CC1=CC=CC2=CC=CC=C12,CO,Methanol,0.567454376048506,0.0073,CC1=CC=CC2=CC=CC=C12.CO,0.015624655629533,0.598775344370467
1-BUTYL-2-PYRROLIDONE (tamisolve),CO25,3470-98-2,141.21,CCCCN1CCCC1=O,CO,Methanol,0.863979850985478,0.0048,CCCCN1CCCC1=O.CO,0.015016777368029,0.821983222631971
4-nitrophenol,Z130,100-02-7,139,OC1=CC=C([N+]([O-])=O)C=C1,CO,Methanol,0.39714060463487,0.1011,OC1=CC=C([N+]([O-])=O)C=C1.CO,0.01422088734343,0.371620887343429
5-Bromo-2-methoxypyrimidine,CB16,14001-66-2,189.01,COc1ncc(Br)cn1,CO,Methanol,0.36028247523075,0.1125,COc1ncc(Br)cn1.CO,0.013158341740058,0.366858341740057
Perfluorobenzophenone,CB148,853-39-4,361.9789468,O=C(C1=C(F)C(F)=C(F)C(F)=C1F)C2=C(F)C(F)=C(F)C(F)=C2F,CO,Methanol,0.990702241140679,0,O=C(C1=C(F)C(F)=C(F)C(F)=C1F)C2=C(F)C(F)=C(F)C(F)=C2F.CO,0.013122241593398,0.986877758406602
Ibuprofen,AP10,15687-27-1,206.1306798,CC(CC1=CC=C(C(C(O)=O)C)C=C1)C,CO,Methanol,1.01247091189602,0.0011,CC(CC1=CC=C(C(C(O)=O)C)C=C1)C.CO,0.01297301834823,0.97582698165177
Methyl red sodium salt,CA189,845-10-3,291.098371,O=C(C1=C(C=CC=C1)/N=N/C2=CC=C(C=C2)N(C)C)O,CO,Methanol,0.976477229615707,0.0336,O=C(C1=C(C=CC=C1)/N=N/C2=CC=C(C=C2)N(C)C)O.CO,0.012868500083068,0.939031499916932
,Z19,33524-31-1,168,COC1=CC=C(OC)C(CO)=C1,CO,Methanol,0.78257995520773,0.037,COC1=CC=C(OC)C(CO)=C1.CO,0.012835028018761,0.759735028018761
"1,3,5-Tris(4-hydroxylphenyl)Benzene",CKB34,15797-52-1,354.1255944,OC1=CC=C(C2=CC(C3=CC=C(O)C=C3)=CC(C4=CC=C(O)C=C4)=C2)C=C1,CO,Methanol,1.03122446687138,0,OC1=CC=C(C2=CC(C3=CC=C(O)C=C3)=CC(C4=CC=C(O)C=C4)=C2)C=C1.CO,0.012633908230381,0.987366091769619
"3,3'-dimethylnaphthidine","K14, T73",13138-48-2,312.1626486,NC(C1=CC=CC=C12)=C(C)C=C2C3=CC(C)=C(N)C4=CC=CC=C34,CO,Methanol,0.974640853866326,0,NC(C1=CC=CC=C12)=C(C)C=C2C3=CC(C)=C(N)C4=CC=CC=C34.CO,0.012339000117831,1.01233900011783
Oxolinic acid,RB41,14698-29-4,261.0637225,CCN(C1=CC2=C(C=C1C3=O)OCO2)C=C3C(O)=O,CO,Methanol,0.999860640765965,0.0024,CCN(C1=CC2=C(C=C1C3=O)OCO2)C=C3C(O)=O.CO,0.011893249917765,0.977206750082235
Benzbromarone,RB30,3562-84-3,421.9153184,O=C(C1=CC(Br)=C(O)C(Br)=C1)C2=C(OC3=C2C=CC=C3)CC,CO,Methanol,1.01489417126579,0,O=C(C1=CC(Br)=C(O)C(Br)=C1)C2=C(OC3=C2C=CC=C3)CC.CO,0.011857208090314,1.01185720809031
,Z57,1074-24-4,263,CC1=CC(Br)=C(C)C=C1Br,CO,Methanol,0.787047896716192,0.0362,CC1=CC(Br)=C(C)C=C1Br.CO,0.011656652709429,0.798056652709429
"2,2'-DITHIODIBENZOIC ACID, >=95.0%",CD5,119-80-2,306,OC(=O)c1ccccc1SSc2ccccc2C(O)=O,CO,Methanol,1.00822893332812,0.0056,OC(=O)c1ccccc1SSc2ccccc2C(O)=O.CO,0.011568348607126,0.979131651392874
Anthranilic acid ,CR1,118-92-3,137.0476785,NC1=CC=CC=C1C(O)=O,CO,Methanol,0.774651793887511,0.0388,NC1=CC=CC=C1C(O)=O.CO,0.009156096778885,0.758856096778885
Acetamiprid,AP44,135410-20-7,222.067224,CC(=NC#N)N(C)CC1=CN=C(C=C1)Cl,CO,Methanol,0.877956663645734,0.0116,CC(=NC#N)N(C)CC1=CN=C(C=C1)Cl.CO,0.008973156111589,0.868573156111589
,Z68,2571-39-3,210,O=C(C1=CC=C(C)C(C)=C1)C2=CC=CC=C2,CO,Methanol,0.885373139055118,0.0351,O=C(C1=CC=C(C)C(C)=C1)C2=CC=CC=C2.CO,0.008840241048216,0.884040241048216
Ranitidine hydrochloride,AP57,66357-59-3,350.1179393,CN/C(NCCSCC1=CC=C(O1)CN(C)C)=C\[N+]([O-])=O,CO,Methanol,1.03244497204192,0.0076,CN/C(NCCSCC1=CC=C(O1)CN(C)C)=C\[N+]([O-])=O.CO,0.008798615773543,0.984001384226457
"4-AMINOPYRIDINE, 98%",D6,504-24-5,94,Nc1ccncc1,CO,Methanol,0.157395545581609,0.0154,Nc1ccncc1.CO,0.007944881244381,0.178555118755619
Hexamethylenetetramine,CF24,100-97-0,140.19,C1N2CN3CN1CN(C2)C3,CO,Methanol,0.984422488835146,0.0091,C1N2CN3CN1CN(C2)C3.CO,0.007581277746358,0.961218722253642
Sulindac,AP54,38194-50-2,356.0882436,CC1=C(C2=CC(F)=CC=C2/C1=C\C3=CC=C(S(C)=O)C=C3)CC(O)=O,CO,Methanol,0.990356034253552,0.0003,CC1=C(C2=CC(F)=CC=C2/C1=C\C3=CC=C(S(C)=O)C=C3)CC(O)=O.CO,0.007388783499528,0.990211216500472
"1H-Pyrrolo[2,3-b]pyridine-3-carboxylic acid",Z111,156270-06-3,162,C1=CC2=C(NC=C2C(=O)O)N=C1,CO,Methanol,0.877243760718434,0.0347,C1=CC2=C(NC=C2C(=O)O)N=C1.CO,0.007352549940424,0.840647450059576
Nizatidine,RB32,76963-41-2,331.1136669,CN/C(NCCSCC1=CSC(CN(C)C)=N1)=C\[N+]([O-])=O,CO,Methanol,1.0410420129364,0.0028,CN/C(NCCSCC1=CSC(CN(C)C)=N1)=C\[N+]([O-])=O.CO,0.007328651256705,1.00052865125671
"1,3-dioxoisoindolin-2-yl cyclopropanecarboxylate",,,231.0531578,O=C(N(OC(C1CC1)=O)C2=O)C3=C2C=CC=C3,CO,Methanol,0.926582081883113,0.0039,O=C(N(OC(C1CC1)=O)C2=O)C3=C2C=CC=C3.CO,0.007052122977107,0.900947877022893
,Z176,454-92-2,190,C1=CC(=CC(=C1)C(F)(F)F)C(=O)O,CO,Methanol,0.898655665276594,0.0064,C1=CC(=CC(=C1)C(F)(F)F)C(=O)O.CO,0.006534134787899,0.883234134787899
"1,3,5-tri(propan-2-yl)benzene",Z81,717-74-8,204,CC(C)C1=CC(=CC(=C1)C(C)C)C(C)C,CO,Methanol,0.976376231624726,0.0242,CC(C)C1=CC(=CC(=C1)C(C)C)C(C)C.CO,0.006409392244797,0.955909392244797
"PYROMELLITIC DIIMIDE, 97%",D24,2550-73-4,216,O=C1NC(=O)c2cc3C(=O)NC(=O)c3cc12,CO,Methanol,0.960163001157014,0.0037,O=C1NC(=O)c2cc3C(=O)NC(=O)c3cc12.CO,0.00638413923687,0.93891586076313
"2,5- Difluoronitrobenzene",CB125,364-74-9,159.0131848,FC1=CC=C(F)C([N+]([O-])=O)=C1,CO,Methanol,0.498537142689558,0.0231,FC1=CC=C(F)C([N+]([O-])=O)=C1.CO,0.005533486011017,0.508433486011017
2-Hydroxy-4-methoxybenzophenone,CC 19,131-57-7,228,COC1=CC(=C(C=C1)C(=O)C2=CC=CC=C2)O,CO,Methanol,0.924338850094652,0.0242,COC1=CC(=C(C=C1)C(=O)C2=CC=CC=C2)O.CO,0.005384853495095,0.892984853495095
1-Indanol,CB65,6351-10-6,134.0731649,OC1CCC2=C1C=CC=C2,CO,Methanol,0.741503727642579,0.0818,OC1CCC2=C1C=CC=C2.CO,0.005076846199981,0.741223153800019
,Z29,91-76-9,187,NC1=NC(N)=NC(C2=CC=CC=C2)=N1,CO,Methanol,0.79713520876133,0.0115,NC1=NC(N)=NC(C2=CC=CC=C2)=N1.CO,0.004285219158497,0.774385219158497
,Z70,581-43-1,160,OC1=CC2=CC=C(O)C=C2C=C1,CO,Methanol,0.800189382972856,0.0248,OC1=CC2=CC=C(O)C=C2C=C1.CO,0.004017252842648,0.774082747157352
Diisopropyl succinate,Z20,924-88-9,202,CC(C)OC(=O)CCC(=O)OC(C)C,CO,Methanol,0.962197989502869,0.007,CC(C)OC(=O)CCC(=O)OC(C)C.CO,0.00389125155079,0.92409125155079
"2,5- Difluoronitrobenzene",CB125,364-74-9,159.0131848,FC1=CC=C(F)C([N+]([O-])=O)=C1,CO,Methanol,0.498537142689558,0.0407,FC1=CC=C(F)C([N+]([O-])=O)=C1.CO,0.003766513988983,0.508433486011017
,Z188,935-14-8,126,C#CC1=CC=C(C=C1)C#C,CO,Methanol,0.391169668872654,0.0172,C#CC1=CC=C(C=C1)C#C.CO,0.002704439979166,0.419595560020834
N-Hydroxyphthalimide,CP32,524-38-9,163.026943,O=C(N1O)C2=CC=CC=C2C1=O,CO,Methanol,0.73285472817584,0.0014,O=C(N1O)C2=CC=CC=C2C1=O.CO,0.002699920032522,0.769399920032522
rac-BINOL,D32,18531-94-7,286.33,OC1=C(C2=C(C=CC=C3)C3=CC=C2O)C(C=CC=C4)=C4C=C1,CO,Methanol,1.01432922457271,0,OC1=C(C2=C(C=CC=C3)C3=CC=C2O)C(C=CC=C4)=C4C=C1.CO,0.002641338215381,0.997358661784619
"2,5-Dimethylphenol",CQ25,95-87-4,122.0731649,OC1=CC(C)=CC=C1C,CO,Methanol,0.719393037923191,0.0087,OC1=CC(C)=CC=C1C.CO,0.001930022948893,0.728830022948893
"2,5-dibromo-3,4-dinitrothiophene",CA29,52431-30-8,329.7945517,O=[N+](C1=C(Br)SC(Br)=C1[N+]([O-])=O)[O-],CO,Methanol,0.755175532035276,0.0318,O=[N+](C1=C(Br)SC(Br)=C1[N+]([O-])=O)[O-].CO,0.001681584697652,0.759881584697652
"1-ADAMANTYLAMINE, 98%",CA4,768-94-5,151,NC12CC3CC(CC(C3)C1)C2,CO,Methanol,0.988619838187965,0.0118,NC12CC3CC(CC(C3)C1)C2.CO,0.001251492801657,0.939251492801657
,Z166,120-82-1,181,C1=CC(=C(C=C1Cl)Cl)Cl,CO,Methanol,0.412451509797992,0.0228,C1=CC(=C(C=C1Cl)Cl)Cl.CO,0.001176062226264,0.395876062226264
3-Bromo-9H-carbazole,RSY15,1592-95-6,246.1,C1=CC=C(C=C1)NC2=CC=CC3=CC=CC=C32,CO,Methanol,0.725913272220609,0.0271,C1=CC=C(C=C1)NC2=CC=CC3=CC=CC=C32.CO,0.00058444946102,0.70028444946102
"4'-BROMOACETOPHENONE, 98%",D19,99-90-1,198,CC(=O)c1ccc(Br)cc1,CO,Methanol,0.587862060320526,0.03,CC(=O)c1ccc(Br)cc1.CO,0.000556876342161,0.596556876342161
Rifaximin,AP63,80621-81-4,785.9,C[C@H]1/C=C/C=C(\C(=O)NC2=C(C3=C(C4=C(C(=C3O)C)O[C@@](C4=O)(O/C=C/[C@@H]([C@H]([C@H]([C@@H]([C@@H]([C@@H]([C@H]1O)C)O)C)OC(=O)C)C)OC)C)C5=C2N6C=CC(=CC6=N5)C)O)/C,CO,Methanol,0.970171039693339,0,C[C@H]1/C=C/C=C(\C(=O)NC2=C(C3=C(C4=C(C(=C3O)C)O[C@@](C4=O)(O/C=C/[C@@H]([C@H]([C@H]([C@@H]([C@@H]([C@@H]([C@H]1O)C)O)C)OC(=O)C)C)OC)C)C5=C2N6C=CC(=CC6=N5)C)O)/C.CO,0.000458898599945,1.00045889859995
"4-[1,1-bis(4-hydroxyphenyl)ethyl]phenol",CK 32,27955-94-8,306,CC(C1=CC=C(C=C1)O)(C2=CC=C(C=C2)O)C3=CC=C(C=C3)O,CO,Methanol,1.00890400528466,0,CC(C1=CC=C(C=C1)O)(C2=CC=C(C=C2)O)C3=CC=C(C=C3)O.CO,0.000366963691616,1.00036696369162
"1-(3,4,5-trimethoxyphenyl)ethanone",Z79,1136-86-3,210,CC(=O)C1=CC(=C(C(=C1)OC)OC)OC,CO,Methanol,0.925994647479043,0.0323,CC(=O)C1=CC(=C(C(=C1)OC)OC)OC.CO,0.000138583207255,0.891561416792745
4-tert-Butylstyrene,RB56,1746-23-2,160.26,C=Cc1ccc(C(C)(C)C)cc1,CO,Methanol,0.88505363730833,0.0048,C=Cc1ccc(C(C)(C)C)cc1.CO,0.000117196992933,0.869682803007067
