,Unnamed: 0,Unnamed: 0.1,Unnamed: 0.1.1,Unnamed: 0.1.1.1,Unnamed: 0.1.1.1.1,Unnamed: 0.1.1.1.1.1,name,container,cas,mw,solute_smiles,solvent_smiles,solvent_name,dm300,dm300_error,full_smiles,dm300_err,dm300_measured
22,89,26,24,33,1077,1080,"2,3-dihydro-1,4-benzodioxin-5- ol",RSY43,10288-36-5,152.2,C1COC2=C(O1)C=CC=C2O,O=CN(C)C,Dimethyl formamide,0.657342867,0.016346532,C1COC2=C(O1)C=CC=C2O.O=CN(C)C,0.23101905235242592,0.8883619193524259
0,16,14,87,102,1146,1149,,Z166,120-82-1,181.0,C1=CC(=C(C=C1Cl)Cl)Cl,O=CN(C)C,Dimethyl formamide,0.102990862,0.06804243,C1=CC(=C(C=C1Cl)Cl)Cl.O=CN(C)C,0.2271809908262853,0.3301718528262853
1,6,13,28,86,1130,1133,"2,5-Dibromofuran",CB56,32460-00-7,223.8472389,BrC1=CC=C(Br)O1,O=CN(C)C,Dimethyl formamide,0.147520485,0.012947026,BrC1=CC=C(Br)O1.O=CN(C)C,0.22259065050097707,0.3701111355009771
14,9,17,78,83,1127,1130,"2-Benzylisoindoline-1,3-dione",D33,2142-01-0,237.0,O=C1N(CC2=CC=CC=C2)C(C3=C1C=CC=C3)=O,O=CN(C)C,Dimethyl formamide,0.788824906,0.011909555,O=C1N(CC2=CC=CC=C2)C(C3=C1C=CC=C3)=O.O=CN(C)C,0.20822856543710377,0.9970534714371038
37,19,23,67,31,1075,1078,5-Nitro-2-oxindole,CA95,20870-79-5,178.0378421,O=C1NC2=CC=C([N+]([O-])=O)C=C2C1,O=CN(C)C,Dimethyl formamide,0.736728469,0.011494621,O=C1NC2=CC=C([N+]([O-])=O)C=C2C1.O=CN(C)C,0.18932579306559838,0.9260542620655984
25,1,18,15,99,1143,1146,2-Hydroxy-4-methoxybenzophenone,CC 19,131-57-7,228.0,COC1=CC(=C(C=C1)C(=O)C2=CC=CC=C2)O,O=CN(C)C,Dimethyl formamide,0.752157531,0.011850937,COC1=CC(=C(C=C1)C(=O)C2=CC=CC=C2)O.O=CN(C)C,0.18881985316661076,0.9409773841666108
8,22,16,23,5,1049,1052,Resorcinol,CK20,108-46-3,110.0367794,OC1=CC=CC(O)=C1,O=CN(C)C,Dimethyl formamide,0.792770589,0.012342165,OC1=CC=CC(O)=C1.O=CN(C)C,0.18449417992291917,0.6082764090770808
58,29,30,77,25,1069,1072,2-amino-3-nitrophenol,Z112,603-85-0,154.0,C1=CC(=C(C(=C1)O)N)[N+](=O)[O-],O=CN(C)C,Dimethyl formamide,0.709784555,0.014607706,C1=CC(=C(C(=C1)O)N)[N+](=O)[O-].O=CN(C)C,0.17734749427182595,0.887132049271826
27,24,33,73,21,1065,1068,5-FLUORO-1H-BENZIMIDAZOLE,RSY44,1977-72-6,136.1,C1=CC2=C(C=C1F)NC=N2,O=CN(C)C,Dimethyl formamide,0.499361042,0.01801274,C1=CC2=C(C=C1F)NC=N2.O=CN(C)C,0.16516769293102607,0.664528734931026
41,5,22,27,101,1145,1148,2-Hydroxy-4-methoxybenzophenone,CC19,131-57-7,228.0786442,O=C(C1=CC=CC=C1)C2=CC=C(OC)C=C2O,O=CN(C)C,Dimethyl formamide,0.780629595,0.015117221,O=C(C1=CC=CC=C1)C2=CC=C(OC)C=C2O.O=CN(C)C,0.16034780347924205,0.940977398479242
6,12,20,64,95,1139,1142,"3-BROMOTOLUENE, 98%",D23,591-17-3,170.0,Cc1cccc(Br)c1,O=CN(C)C,Dimethyl formamide,0.188071461,0.008370968,Cc1cccc(Br)c1.O=CN(C)C,0.1592667326047224,0.3473381936047224
9,26,19,114,84,1128,1131,4-Ethynyltoluene,CA104,766-97-2,116.16,C#Cc1ccc(C)cc1,O=CN(C)C,Dimethyl formamide,0.318665809,0.019972498,C#Cc1ccc(C)cc1.O=CN(C)C,0.15629740078326465,0.4749632097832647
43,20,48,82,26,1070,1073,2-Phenylimidazole,CQ11,670-96-2,144.0687483,C1(C2=CC=CC=C2)=NC=CN1,O=CN(C)C,Dimethyl formamide,0.594749491,0.024463707,C1(C2=CC=CC=C2)=NC=CN1.O=CN(C)C,0.15127113353438248,0.7460206245343824
75,59,66,70,65,1109,1112,"2,5-dibromo-3,4-dinitrothiophene",CA29,52431-30-8,329.79,O=[N+](C1=C(Br)SC(Br)=C1[N+]([O-])=O)[O-],O=CN(C)C,Dimethyl formamide,0.814343687,0.02108404,O=[N+](C1=C(Br)SC(Br)=C1[N+]([O-])=O)[O-].O=CN(C)C,0.1457062800350848,0.9600499670350848
55,10,31,8,107,1151,1154,,Z30,626-00-6,330.0,IC1=CC(I)=CC=C1,O=CN(C)C,Dimethyl formamide,0.437999244,0.016818454,IC1=CC(I)=CC=C1.O=CN(C)C,0.1376131501965726,0.3003860938034274
12,63,50,111,22,1066,1069,"5-(trifluoromethyl)benzene-1,3-diamine",Z179,368-53-6,176.0,C1=C(C=C(C=C1N)N)C(F)(F)F,O=CN(C)C,Dimethyl formamide,0.890353286,0.006803535,C1=C(C=C(C=C1N)N)C(F)(F)F.O=CN(C)C,0.13551236029833214,0.7548409257016678
10,62,40,48,30,1074,1077,2-Amino-5-bromobenzoic acid,RB54,5794-88-7,216.03,C1=CC(=C(C=C1Br)C(=O)O)N,O=CN(C)C,Dimethyl formamide,0.896827902,0.008549823,C1=CC(=C(C=C1Br)C(=O)O)N.O=CN(C)C,0.12788729922611852,0.7689406027738814
49,37,37,46,96,1140,1143,5-Bromo-1-methyl-1H-indole,RSY35,10075-52-2,210.1,CN1C=CC2=C1C=CC(=C2)Br,O=CN(C)C,Dimethyl formamide,0.498694449,0.024030337,CN1C=CC2=C1C=CC(=C2)Br.O=CN(C)C,0.12699821370772563,0.6256926627077256
34,27,29,57,110,1154,1157,,Z160,5111-65-9,237.0,COC1=CC2=C(C=C1)C=C(C=C2)Br,O=CN(C)C,Dimethyl formamide,0.530248819,0.024348842,COC1=CC2=C(C=C1)C=C(C=C2)Br.O=CN(C)C,0.1204186407774317,0.6506674597774317
32,68,65,18,50,1094,1097,"1,2,3,4-Tetrahydro-1-naphthol",CB115,529-33-9,148.088815,OC1CCCC2=C1C=CC=C2,O=CN(C)C,Dimethyl formamide,0.51731485,0.014903015,OC1CCCC2=C1C=CC=C2.O=CN(C)C,0.11963296526521061,0.6369478152652106
53,40,39,44,97,1141,1144,5-Bromo-1-methyl-1H-indole,RSY40,10075-52-2,210.07,CN1C=CC2=C1C=CC(=C2)Br,O=CN(C)C,Dimethyl formamide,0.506293153,0.008662297,CN1C=CC2=C1C=CC(=C2)Br.O=CN(C)C,0.11939950970772562,0.6256926627077256
13,17,28,85,10,1054,1057,4-Fluoroaniline,CJ64,371-40-4,111.0484274,NC1=CC=C(F)C=C1,O=CN(C)C,Dimethyl formamide,0.309457564,0.01203095,NC1=CC=C(F)C=C1.O=CN(C)C,0.11913572656592247,0.4285932905659225
39,48,59,19,15,1059,1062,4-Aminobenzonitrile,CA119,873-74-5,118.0530982,N#CC1=CC=C(N)C=C1,O=CN(C)C,Dimethyl formamide,0.655688194,0.015931673,N#CC1=CC=C(N)C=C1.O=CN(C)C,0.11258339183928723,0.5431048021607128
16,66,43,79,81,1125,1128,5-chlorosalicylanilide,CE19,4638-48-6,247.7,C1=CC=C(C=C1)NC(=O)C2=C(C=CC(=C2)Cl)O,O=CN(C)C,Dimethyl formamide,0.946041736,0.00332372,C1=CC=C(C=C1)NC(=O)C2=C(C=CC(=C2)Cl)O.O=CN(C)C,0.11129775961523836,0.8347439763847616
21,31,38,5,103,1147,1150,N-Phenyl-1-naphthylamine,CJ92,90-30-2,219.3,C1=CC=C(C=C1)NC2=CC=CC3=CC=CC=C32,O=CN(C)C,Dimethyl formamide,0.883308888,0.004534147,C1=CC=C(C=C1)NC2=CC=CC3=CC=CC=C32.O=CN(C)C,0.11110322698344943,0.7722056610165505
18,82,52,35,28,1072,1075,"4,4'-Diaminobenzophenone",Z67,611-98-3,212.0,C1=CC(=CC=C1C(=O)C2=CC=C(C=C2)N)N,O=CN(C)C,Dimethyl formamide,0.963685799,0.00576087,C1=CC(=CC=C1C(=O)C2=CC=C(C=C2)N)N.O=CN(C)C,0.10907171847110475,0.8546140805288952
74,52,44,104,53,1097,1100,,Z186,10403-47-1,217.0,C1=CC(=C(C=C1[N+](=O)[O-])N)Br,O=CN(C)C,Dimethyl formamide,0.594245328,0.010040566,C1=CC(=C(C=C1[N+](=O)[O-])N)Br.O=CN(C)C,0.1087562460451259,0.7030015740451259
47,36,34,55,71,1115,1118,"4,6-DIFLUOROINDOLE",RSY67,199526-97-1,153.1,C1=CNC2=CC(=CC(=C21)F)F,O=CN(C)C,Dimethyl formamide,0.50625592,0.022091278,C1=CNC2=CC(=CC(=C21)F)F.O=CN(C)C,0.10720123216817667,0.6134571521681766
20,70,49,9,4,1048,1051,6-aminonaphthalene-2-carboxylic acid,Z89,116668-47-4,187.0,C1=CC2=C(C=CC(=C2)N)C=C1C(=O)O,O=CN(C)C,Dimethyl formamide,0.948639738,0.002839639,C1=CC2=C(C=CC(=C2)N)C=C1C(=O)O.O=CN(C)C,0.10333925152123291,0.8453004864787671
17,32,36,106,106,1150,1153,diphenylmethane,RSY17,101-81-5,168.23,C1=CC=C(C=C1)CC2=CC=CC=C2,O=CN(C)C,Dimethyl formamide,0.442518054,0.017802866,C1=CC=C(C=C1)CC2=CC=CC=C2.O=CN(C)C,0.1012175916905167,0.5437356456905167
11,60,41,39,122,1166,1169,"1,3,5-tri(propan-2-yl)benzene",Z81,717-74-8,204.0,CC(C)C1=CC(=CC(=C1)C(C)C)C(C)C,O=CN(C)C,Dimethyl formamide,0.925630959,0.004118753,CC(C)C1=CC(=CC(=C1)C(C)C)C(C)C.O=CN(C)C,0.10011037846396842,0.8255205805360316
31,69,101,99,67,1111,1114,"1,3,5-Tris(4-aminophenyl)benzene",CA144,118727-34-7,351.44,Nc1ccc(-c2cc(-c3ccc(N)cc3)cc(-c3ccc(N)cc3)c2)cc1,O=CN(C)C,Dimethyl formamide,0.972895682,0.001287357,Nc1ccc(-c2cc(-c3ccc(N)cc3)cc(-c3ccc(N)cc3)c2)cc1.O=CN(C)C,0.09366205821874296,0.879233623781257
46,91,46,58,111,1155,1158,"2-bromo-1,3-dimethylbenzene",Z117,576-22-7,185.0,CC1=C(C(=CC=C1)C)Br,O=CN(C)C,Dimethyl formamide,0.347835201,0.0082717,CC1=C(C(=CC=C1)C)Br.O=CN(C)C,0.08724577625626784,0.4350809772562678
95,39,53,32,108,1152,1155,"1,3-Diiodobenzene",Z35,626-00-6,329.0,IC1=CC(I)=CC=C1,O=CN(C)C,Dimethyl formamide,0.382086958,0.037944955,IC1=CC(I)=CC=C1.O=CN(C)C,0.08170086419657258,0.3003860938034274
29,95,62,53,36,1080,1083,bis(4-hydroxyphenyl)methanone,Z46,611-99-4,214.0,O=C(C1=CC=C(O)C=C1)C2=CC=C(O)C=C2,O=CN(C)C,Dimethyl formamide,0.961943021,0.003940008,O=C(C1=CC=C(O)C=C1)C2=CC=C(O)C=C2.O=CN(C)C,0.08040791181997697,0.881535109180023
57,21,35,98,61,1105,1108,,Z8,5779-95-3,134.0,O=CC1=CC(C)=CC(C)=C1,O=CN(C)C,Dimethyl formamide,0.478813339,0.016058154,O=CC1=CC(C)=CC(C)=C1.O=CN(C)C,0.07945937419198734,0.5582727131919873
93,46,68,72,64,1108,1111,N-methylbenzanilide,CE-A27,1934-92-5,211.3,CN(C1=CC=CC=C1)C(=O)C2=CC=CC=C2,O=CN(C)C,Dimethyl formamide,0.801740976,0.017288834,CN(C1=CC=CC=C1)C(=O)C2=CC=CC=C2.O=CN(C)C,0.07883208105317763,0.8805730570531777
90,94,83,36,62,1106,1109,"5,6-DICHLOROBENZIMIDAZOLE",RSY76,6478-73-5,187.0,C1=C2C(=CC(=C1Cl)Cl)N=CN2,O=CN(C)C,Dimethyl formamide,0.576802596,0.010456662,C1=C2C(=CC(=C1Cl)Cl)N=CN2.O=CN(C)C,0.07495510698501684,0.6517577029850168
24,57,32,59,37,1081,1084,Thiacloprid,AP45,111988-49-9,252.023645,C1CSC(=NC#N)N1CC2=CN=C(C=C2)Cl,O=CN(C)C,Dimethyl formamide,0.894425398,0.008530945,C1CSC(=NC#N)N1CC2=CN=C(C=C2)Cl.O=CN(C)C,0.07397853069945404,0.820446867300546
36,58,61,17,104,1148,1151,3-Bromo-9H-carbazole,RSY15,1592-95-6,246.1,C1=CC=C(C=C1)NC2=CC=CC3=CC=CC=C32,O=CN(C)C,Dimethyl formamide,0.842118843,0.014533705,C1=CC=C(C=C1)NC2=CC=CC3=CC=CC=C32.O=CN(C)C,0.06991318198344942,0.7722056610165505
30,34,42,3,74,1118,1121,2-Pheylphenol,CQ4,90-43-7,170.0731649,OC1=CC=CC=C1C2=CC=CC=C2,O=CN(C)C,Dimethyl formamide,0.841619143,0.013341688,OC1=CC=CC=C1C2=CC=CC=C2.O=CN(C)C,0.06758130060320844,0.7740378423967915
59,107,84,42,79,1123,1126,"DIETHYL 1,4-DIHYDRO-2,6-DIMETHYL-3,5-PYRIDINEDICARBOXYLATE",CK27,1149-23-1,253.29,CCOC(=O)C1=C(C)NC(C)=C(C(=O)OCC)C1,O=CN(C)C,Dimethyl formamide,0.934687032,0.028311051,CCOC(=O)C1=C(C)NC(C)=C(C(=O)OCC)C1.O=CN(C)C,0.06531296799999997,1.0
79,56,51,33,55,1099,1102,4-bromophenol,Z135,106-41-2,173.0,C1=CC(=CC=C1O)Br,O=CN(C)C,Dimethyl formamide,0.498087393,0.011328309,C1=CC(=CC=C1O)Br.O=CN(C)C,0.06452017686284889,0.4335672161371511
67,18,47,50,51,1095,1098,5-Bromo-2-oxindole,RSY9,20870-78-4,212.0,C1C2=C(C=CC(=C2)Br)NC1=O,O=CN(C)C,Dimethyl formamide,0.668956607,0.009847734,C1C2=C(C=CC(=C2)Br)NC1=O.O=CN(C)C,0.06366177272559548,0.7326183797255955
28,42,25,68,29,1073,1076,Clothianidin,AP41,210880-92-5,249.0087232,CNC(=N[N+](=O)[O-])NCC1=CN=C(S1)Cl,O=CN(C)C,Dimethyl formamide,0.925820385,0.004466502,CNC(=N[N+](=O)[O-])NCC1=CN=C(S1)Cl.O=CN(C)C,0.06277657980025964,0.8630438051997403
33,67,24,103,75,1119,1122,,Z188,935-14-8,126.0,C#CC1=CC=C(C=C1)C#C,O=CN(C)C,Dimethyl formamide,0.471232274,0.025687224,C#CC1=CC=C(C=C1)C#C.O=CN(C)C,0.05900906524284866,0.5302413392428487
86,43,87,94,57,1101,1104,NNN'N'-Tetraethylisophthalamide,D42,13698-87-8,276.0,CCN(CC)C(C1=CC=CC(C(N(CC)CC)=O)=C1)=O,O=CN(C)C,Dimethyl formamide,0.941415337,0.002706699,CCN(CC)C(C1=CC=CC(C(N(CC)CC)=O)=C1)=O.O=CN(C)C,0.05858466299999998,1.0
40,75,56,105,93,1137,1140,Fenbendazole,RB24,43210-67-9,299.0728477,COC(NC1=NC2=C(C=C(SC3=CC=CC=C3)C=C2)N1)=O,O=CN(C)C,Dimethyl formamide,0.96583712,0.007846043,COC(NC1=NC2=C(C=C(SC3=CC=CC=C3)C=C2)N1)=O.O=CN(C)C,0.05190094764813802,0.913936172351862
80,85,86,90,115,1159,1162,,Z40,1074-24-4,263.0,CC1=CC(Br)=C(C)C=C1Br,O=CN(C)C,Dimethyl formamide,0.431649708,0.011648797,CC1=CC(Br)=C(C)C=C1Br.O=CN(C)C,0.04865834949010245,0.3829913585098976
85,98,96,21,18,1062,1065,7-Quinolinecarboxylic acid,RSY42,1078-30-4,173.17,C1=CC2=C(C=C(C=C2)C(=O)O)N=C1,O=CN(C)C,Dimethyl formamide,0.816642466,0.005613338,C1=CC2=C(C=C(C=C2)C(=O)O)N=C1.O=CN(C)C,0.0467361116419337,0.8633785776419337
64,50,67,61,59,1103,1106,Naphthol blue black,CO39,1064-48-8,616.0059066,NC1=C(C(S(O)(=O)=O)=CC2=C1C(O)=C(C(S(O)(=O)=O)=C2)/N=N/C3=CC=CC=C3)/N=N/C4=CC=C(C=C4)[N+]([O-])=O,O=CN(C)C,Dimethyl formamide,0.953376907,0.001143486,NC1=C(C(S(O)(=O)=O)=CC2=C1C(O)=C(C(S(O)(=O)=O)=C2)/N=N/C3=CC=CC=C3)/N=N/C4=CC=C(C=C4)[N+]([O-])=O.O=CN(C)C,0.046623093000000004,1.0
69,79,82,95,54,1098,1101,(+)-Quinidine,CA108,56-54-2,324.42,C=C[C@H]1CN2CC[C@H]1C[C@@H]2[C@@H](O)c1ccnc2ccc(OC)cc12,O=CN(C)C,Dimethyl formamide,0.957628467,0.043328455,C=C[C@H]1CN2CC[C@H]1C[C@@H]2[C@@H](O)c1ccnc2ccc(OC)cc12.O=CN(C)C,0.04237153299999996,1.0
35,11,21,25,39,1083,1086,"3,5-Difluorobenzonitrile",CA78,64248-63-1,139.0233555,N#CC1=CC(F)=CC(F)=C1,O=CN(C)C,Dimethyl formamide,0.372671987,0.013678118,N#CC1=CC(F)=CC(F)=C1.O=CN(C)C,0.041069000363754715,0.4137409873637547
68,47,93,84,2,1046,1049,Anthranilic acid ,CR1,118-92-3,137.0476785,NC1=CC=CC=C1C(O)=O,O=CN(C)C,Dimethyl formamide,0.797759223,0.007782554,NC1=CC=CC=C1C(O)=O.O=CN(C)C,0.03675238066200692,0.8345116036620069
84,30,58,66,48,1092,1095,6-BROMOOXINDOLE,CA121,99365-40-9,210.9632759,O=C1NC2=C(C=CC(Br)=C2)C1,O=CN(C)C,Dimethyl formamide,0.691665334,0.015671904,O=C1NC2=C(C=CC(Br)=C2)C1.O=CN(C)C,0.03528928879261106,0.726954622792611
101,61,76,81,113,1157,1160,Triptycene,CB135,477-75-8,254.1095504,C12C3=C(C=CC=C3)C(C4=C2C=CC=C4)C5=C1C=CC=C5,O=CN(C)C,Dimethyl formamide,0.965103967,0.005071813,C12C3=C(C=CC=C3)C(C4=C2C=CC=C4)C5=C1C=CC=C5.O=CN(C)C,0.03489603299999999,1.0
45,87,71,117,7,1051,1054,Sulfamethoxazole,AP38,723-46-6,253.0,CC1=CC(NS(=O)(C2=CC=C(C=C2)N)=O)=NO1,O=CN(C)C,Dimethyl formamide,0.991570785,0.001308739,CC1=CC(NS(=O)(C2=CC=C(C=C2)N)=O)=NO1.O=CN(C)C,0.03431983904711511,0.9572509459528848
26,53,45,47,90,1134,1137,Clozapine,CA225,5786-21-0,326.8,CN1CCN(CC1)C2=C3C=CC=CC3=NC4=C(N2)C=C(C=C4)Cl,O=CN(C)C,Dimethyl formamide,0.99685565,0.001103807,CN1CCN(CC1)C2=C3C=CC=CC3=NC4=C(N2)C=C(C=C4)Cl.O=CN(C)C,0.03302565983225014,0.9638299901677498
66,51,89,80,46,1090,1093,"2,6-Bis(bromomethyl)pyridine",Z109,7703-74-4,265.0,C1=CC(=NC(=C1)CBr)CBr,O=CN(C)C,Dimethyl formamide,0.549725056,0.020780789,C1=CC(=NC(=C1)CBr)CBr.O=CN(C)C,0.03298491477424326,0.5827099707742432
44,25,74,37,94,1138,1141,"1,4-dibromo-2,5-dimethoxybenzene",CB130,2674-34-2,293.8891037,COC1=C(Br)C=C(OC)C(Br)=C1,O=CN(C)C,Dimethyl formamide,0.71075782,0.05245907,COC1=C(Br)C=C(OC)C(Br)=C1.O=CN(C)C,0.03269150080291838,0.6780663191970816
15,77,55,31,120,1164,1167,"2,6-DI-TERT-BUTYL-4-METHYLPYRIDINE, 98%",D14,38222-83-2,205.0,Cc1cc(nc(c1)C(C)(C)C)C(C)(C)C,O=CN(C)C,Dimethyl formamide,0.950380727,0.006827222,Cc1cc(nc(c1)C(C)(C)C)C(C)(C)C.O=CN(C)C,0.031710065083128014,0.918670661916872
72,64,80,107,66,1110,1113,Tadalafil,CA114,171596-29-5,389.4,CN1CC(=O)N2[C@H](Cc3c([nH]c4ccccc34)[C@H]2c2ccc3c(c2)OCO3)C1=O,O=CN(C)C,Dimethyl formamide,0.969119694,0.001125284,CN1CC(=O)N2[C@H](Cc3c([nH]c4ccccc34)[C@H]2c2ccc3c(c2)OCO3)C1=O.O=CN(C)C,0.030880306000000024,1.0
76,45,91,51,112,1156,1159,Diphenylacetylene,CA150,501-65-5,178.23,C(#Cc1ccccc1)c1ccccc1,O=CN(C)C,Dimethyl formamide,0.577748423,0.025765312,C(#Cc1ccccc1)c1ccccc1.O=CN(C)C,0.030782802903878137,0.5469656200961218
54,92,77,40,118,1162,1165,"2,4-Diphenyl-4-methyl-1-pentene",CJ63,6362-80-7,236.35,CC(C)(CC(=C)C1=CC=CC=C1)C2=CC=CC=C2,O=CN(C)C,Dimethyl formamide,0.875731939,0.006560105,CC(C)(CC(=C)C1=CC=CC=C1)C2=CC=CC=C2.O=CN(C)C,0.02957327431483303,0.846158664685167
56,41,54,6,3,1047,1050,4-Fluorobenzoic acid,CC4,456-22-4,140.0,O=C(O)C1=CC=C(F)C=C1,O=CN(C)C,Dimethyl formamide,0.721234996,0.016726247,O=C(O)C1=CC=C(F)C=C1.O=CN(C)C,0.028926270594891834,0.6923087254051081
71,38,57,74,69,1113,1116,"4,4'-BIPHENYLDICARBONITRILE",Z118,1591-30-6,204.0,C1=CC(=CC=C1C#N)C2=CC=C(C=C2)C#N,O=CN(C)C,Dimethyl formamide,0.738838727,0.01750767,C1=CC(=CC=C1C#N)C2=CC=C(C=C2)C#N.O=CN(C)C,0.024614695814132892,0.7142240311858671
89,74,88,86,89,1133,1136,atorvastatin,CE-A28,134523-00-5,558.6,CC(C)C1=C(C(=C(N1CC[C@H](C[C@H](CC(=O)O)O)O)C2=CC=C(C=C2)F)C3=CC=CC=C3)C(=O)NC4=CC=CC=C4,O=CN(C)C,Dimethyl formamide,0.980604657,0.001758707,CC(C)C1=C(C(=C(N1CC[C@H](C[C@H](CC(=O)O)O)O)C2=CC=C(C=C2)F)C3=CC=CC=C3)C(=O)NC4=CC=CC=C4.O=CN(C)C,0.01939534300000001,1.0
60,78,79,20,24,1068,1071,"1,2,3,4-tetrahydro-1H-pyrido[3,4-b]indole",RSY8,16502-01-5,172.23,C1CNCC2=C1C3=CC=CC=C3N2,O=CN(C)C,Dimethyl formamide,0.783139409,0.006220765,C1CNCC2=C1C3=CC=CC=C3N2.O=CN(C)C,0.018548164614935025,0.801687573614935
77,76,90,91,109,1153,1156,"Diphenyl(2,4,6-trimethylbenzoyl)phosphine oxide",CB44,75980-60-8,348.37,CC1=CC(=C(C(=C1)C)C(=O)P(=O)(C2=CC=CC=C2)C3=CC=CC=C3)C,O=CN(C)C,Dimethyl formamide,0.981913108,0.002103364,CC1=CC(=C(C(=C1)C)C(=O)P(=O)(C2=CC=CC=C2)C3=CC=CC=C3)C.O=CN(C)C,0.01808689200000002,1.0
78,7,64,65,1,1045,1048,m-Phenylenediamine flakes,CR15,108-45-2,108.0687483,NC1=CC=CC(N)=C1,O=CN(C)C,Dimethyl formamide,0.522945837,0.011351859,NC1=CC=CC(N)=C1.O=CN(C)C,0.01748656792614356,0.5404324049261435
19,33,27,29,9,1053,1056,Tegafur,CE18,17902-23-7,200.2,C1CC(OC1)N2C=C(C(=O)NC2=O)F,O=CN(C)C,Dimethyl formamide,0.877101717,0.00530153,C1CC(OC1)N2C=C(C(=O)NC2=O)F.O=CN(C)C,0.016898577511358148,0.8940002945113581
42,83,72,22,114,1158,1161,"9-(2-Ethylhexyl)carbazole-3,6-dicarboxaldehyde",CA194,169051-20-1,335.45,CCCCC(CC)Cn1c2ccc(C=O)cc2c2cc(C=O)ccc21,O=CN(C)C,Dimethyl formamide,0.991502749,0.002302573,CCCCC(CC)Cn1c2ccc(C=O)cc2c2cc(C=O)ccc21.O=CN(C)C,0.01646135998813758,0.9750413890118624
82,55,85,88,45,1089,1092,6-Amino-3-bromo-2-methylpyridine,CB144,42753-71-9,185.9792603,CC1=NC(N)=CC=C1Br,O=CN(C)C,Dimethyl formamide,0.544042824,0.008003089,CC1=NC(N)=CC=C1Br.O=CN(C)C,0.015183124738054832,0.5592259487380549
81,73,81,10,78,1122,1125,5-Bromoindole,RSY11,10075-50-0,196.04,C1=CC2=C(C=CN2)C=C1Br,O=CN(C)C,Dimethyl formamide,0.581594401,0.017827886,C1=CC2=C(C=CN2)C=C1Br.O=CN(C)C,0.013881376878151386,0.5677130241218487
48,99,75,13,119,1163,1166,Avobenzone Pharmaceutical Secondary Stan (Avobenzone),AP12,70356-09-1,310.1568946,CC(C)(C)C1=CC=C(C=C1)C(=O)CC(=O)C2=CC=C(C=C2)OC,O=CN(C)C,Dimethyl formamide,0.982652338,0.002416636,CC(C)(C)C1=CC=C(C=C1)C(=O)CC(=O)C2=CC=C(C=C2)OC.O=CN(C)C,0.013815259894687126,0.9688370781053128
70,84,97,97,63,1107,1110,pyrimethanie (mebendazole),RB23,31431-39-7,295.0956913,COC(=O)NC1=NC2=C(N1)C=C(C=C2)C(=O)C3=CC=CC=C3,O=CN(C)C,Dimethyl formamide,0.988081693,0.001171701,COC(=O)NC1=NC2=C(N1)C=C(C=C2)C(=O)C3=CC=CC=C3.O=CN(C)C,0.011918306999999961,1.0
83,81,104,63,68,1112,1115,4-phenoxyaniline,Z141,139-59-3,185.0,C1=CC=C(C=C1)OC2=CC=C(C=C2)N,O=CN(C)C,Dimethyl formamide,0.708687648,0.012816923,C1=CC=C(C=C1)OC2=CC=C(C=C2)N.O=CN(C)C,0.010654914636665902,0.7193425626366658
50,93,100,62,92,1136,1139,Benzbromarone,RB30,3562-84-3,421.9153184,O=C(C1=CC(Br)=C(O)C(Br)=C1)C2=C(OC3=C2C=CC=C3)CC,O=CN(C)C,Dimethyl formamide,0.992942956,0.001885393,O=C(C1=CC(Br)=C(O)C(Br)=C1)C2=C(OC3=C2C=CC=C3)CC.O=CN(C)C,0.010353171204549594,0.9825897847954504
65,72,102,41,60,1104,1107,1-(4-BROMOPHENYL)ETHANOL,RC22,5391-88-8,201.1,CC(C1=CC=C(C=C1)Br)O,O=CN(C)C,Dimethyl formamide,0.504112543,0.012908003,CC(C1=CC=C(C=C1)Br)O.O=CN(C)C,0.010254156111504709,0.5143666991115047
88,86,98,100,82,1126,1129,"4,4'-(hexafluoroisopropylidene) dianiline",CA18,1095-78-9,334.0904677,FC(F)(F)C(C1=CC=C(C=C1)N)(C2=CC=C(C=C2)N)C(F)(F)F,O=CN(C)C,Dimethyl formamide,0.989909288,0.000999491,FC(F)(F)C(C1=CC=C(C=C1)N)(C2=CC=C(C=C2)N)C(F)(F)F.O=CN(C)C,0.010090712000000002,1.0
91,44,70,96,11,1055,1058,4-aminobenzonitrile,Z140,873-74-5,118.0,N#CC1=CC=C(N)C=C1,O=CN(C)C,Dimethyl formamide,0.552192455,0.018832287,N#CC1=CC=C(N)C=C1.O=CN(C)C,0.009087652839287252,0.5431048021607128
62,71,69,43,41,1085,1088,Phenacetin,CR14,62-44-2,179.2,CCOC1=CC=C(C=C1)NC(=O)C,O=CN(C)C,Dimethyl formamide,0.77100782,0.015657246,CCOC1=CC=C(C=C1)NC(=O)C.O=CN(C)C,0.008517767847525448,0.7795255878475255
63,65,94,52,40,1084,1087,"4-BROMOANILINE, 97%",CC3,106-40-1,170.0,Nc1ccc(Br)cc1,O=CN(C)C,Dimethyl formamide,0.405879616,0.008813778,Nc1ccc(Br)cc1.O=CN(C)C,0.006027491386348005,0.399852124613652
23,54,73,45,121,1165,1168,"2,6-Di-tert-butyl-4-methylpyridine",Z146,38222-83-2,205.0,CC1=CC(=NC(=C1)C(C)(C)C)C(C)(C)C,O=CN(C)C,Dimethyl formamide,0.924311309,0.009042226,CC1=CC(=NC(=C1)C(C)(C)C)C(C)(C)C.O=CN(C)C,0.005640647083128059,0.918670661916872
51,35,63,14,12,1056,1059,3-ETHOXY-4- METHOXYBENZOIC ACID,RSY21,2651-55-0,196.2,CCOC1=C(C=CC(=C1)C(=O)O)OC,O=CN(C)C,Dimethyl formamide,0.934611312,0.004444442,CCOC1=C(C=CC(=C1)C(=O)O)OC.O=CN(C)C,0.004894533309335536,0.9395058453093356
92,96,103,108,77,1121,1124,Deferasirox,CE-A32,201530-41-8,373.4,C1=C/C(=C/2\N/C(=C\3/C=CC=CC3=O)/N(N2)C4=CC=C(C=C4)C(=O)O)/C(=O)C=C1,O=CN(C)C,Dimethyl formamide,0.995701666,0.000744852,C1=C/C(=C/2\N/C(=C\3/C=CC=CC3=O)/N(N2)C4=CC=C(C=C4)C(=O)O)/C(=O)C=C1.O=CN(C)C,0.004298334000000015,1.0
38,49,78,30,8,1052,1055,2-amino-5-nitrophenol,CP28,121-88-0,154.0,OC1=CC([N+]([O-])=O)=CC=C1N,O=CN(C)C,Dimethyl formamide,0.833153158,0.01056884,OC1=CC([N+]([O-])=O)=CC=C1N.O=CN(C)C,0.003727873120759728,0.8368810311207597
94,100,106,109,105,1149,1152,TICAGRELOR,CE-A6,274693-27-5,522.6,CCCSC1=NC(=C2C(=N1)N(N=N2)[C@@H]3C[C@@H]([C@H]([C@H]3O)O)OCCO)N[C@@H]4C[C@H]4C5=CC(=C(C=C5)F)F,O=CN(C)C,Dimethyl formamide,0.996967093,0.001079377,CCCSC1=NC(=C2C(=N1)N(N=N2)[C@@H]3C[C@@H]([C@H]([C@H]3O)O)OCCO)N[C@@H]4C[C@H]4C5=CC(=C(C=C5)F)F.O=CN(C)C,0.003032907000000029,1.0
87,102,107,112,23,1067,1070,"5,5'-Dithiobis(2-nitrobenzoic acid)",RB45,69-78-3,395.9722072,O=C(O)C1=CC(SSC2=CC=C([N+]([O-])=O)C(C(O)=O)=C2)=CC=C1[N+]([O-])=O,O=CN(C)C,Dimethyl formamide,0.997408787,0.000883846,O=C(O)C1=CC(SSC2=CC=C([N+]([O-])=O)C(C(O)=O)=C2)=CC=C1[N+]([O-])=O.O=CN(C)C,0.002591212999999981,1.0
96,103,108,113,88,1132,1135,"4,4-(Hexafluoroisopropylidene)diphenol",CJ31,1478-61-1,336.0584989,FC(F)(F)C(C1=CC=C(O)C=C1)(C2=CC=C(O)C=C2)C(F)(F)F,O=CN(C)C,Dimethyl formamide,0.997443226,0.000597532,FC(F)(F)C(C1=CC=C(O)C=C1)(C2=CC=C(O)C=C2)C(F)(F)F.O=CN(C)C,0.002556773999999984,1.0
97,97,92,16,76,1120,1123,5-BROMOINDOLE,RSY14,10075-50-0,196.04,C1=CC2=C(C=CN2)C=C1Br,O=CN(C)C,Dimethyl formamide,0.566084599,0.018397464,C1=CC2=C(C=CN2)C=C1Br.O=CN(C)C,0.0016284251218486867,0.5677130241218487
98,104,109,93,91,1135,1138,Rifampicin,AP60,13292-46-1,822.94,C[C@H]1/C=C/C=C(\C(=O)NC\2=C(C3=C(C(=C4C(=C3C(=O)/C2=C/NN5CCN(CC5)C)C(=O)[C@](O4)(O/C=C/[C@@H]([C@H]([C@H]([C@@H]([C@@H]([C@@H]([C@H]1O)C)O)C)OC(=O)C)C)OC)C)C)O)O)/C,O=CN(C)C,Dimethyl formamide,0.998976857,0.000193976,C[C@H]1/C=C/C=C(\C(=O)NC\2=C(C3=C(C(=C4C(=C3C(=O)/C2=C/NN5CCN(CC5)C)C(=O)[C@](O4)(O/C=C/[C@@H]([C@H]([C@H]([C@@H]([C@@H]([C@@H]([C@H]1O)C)O)C)OC(=O)C)C)OC)C)C)O)O)/C.O=CN(C)C,0.0010231429999999486,1.0
99,105,110,102,100,1144,1147,Rifaximin,AP63,80621-81-4,785.9,C[C@H]1/C=C/C=C(\C(=O)NC2=C(C3=C(C4=C(C(=C3O)C)O[C@@](C4=O)(O/C=C/[C@@H]([C@H]([C@H]([C@@H]([C@@H]([C@@H]([C@H]1O)C)O)C)OC(=O)C)C)OC)C)C5=C2N6C=CC(=CC6=N5)C)O)/C,O=CN(C)C,Dimethyl formamide,0.999179149,0.000382203,C[C@H]1/C=C/C=C(\C(=O)NC2=C(C3=C(C4=C(C(=C3O)C)O[C@@](C4=O)(O/C=C/[C@@H]([C@H]([C@H]([C@@H]([C@@H]([C@@H]([C@H]1O)C)O)C)OC(=O)C)C)OC)C)C5=C2N6C=CC(=CC6=N5)C)O)/C.O=CN(C)C,0.0008208509999999558,1.0
100,106,111,115,27,1071,1074,"1,3,5-tris(4-carboxyphenyl)benzene",CA157,50446-44-1,438.43,O=C(O)c1ccc(-c2cc(-c3ccc(C(=O)O)cc3)cc(-c3ccc(C(=O)O)cc3)c2)cc1,O=CN(C)C,Dimethyl formamide,0.999215252,0.000307645,O=C(O)c1ccc(-c2cc(-c3ccc(C(=O)O)cc3)cc(-c3ccc(C(=O)O)cc3)c2)cc1.O=CN(C)C,0.0007847479999999463,1.0
52,80,105,101,56,1100,1103,Methyl red sodium salt,CA189,845-10-3,291.098371,O=C(C1=C(C=CC=C1)/N=N/C2=CC=C(C=C2)N(C)C)O,O=CN(C)C,Dimethyl formamide,0.953547354,0.00844157,O=C(C1=C(C=CC=C1)/N=N/C2=CC=C(C=C2)N(C)C)O.O=CN(C)C,0.0007702325148731815,0.9543175865148732
61,88,99,49,38,1082,1085,4-Benzoylbenzoic acid,Z106,611-95-0,226.0,C1=CC=C(C=C1)C(=O)C2=CC=C(C=C2)C(=O)O,O=CN(C)C,Dimethyl formamide,0.93911234,0.005463005,C1=CC=C(C=C1)C(=O)C2=CC=C(C=C2)C(=O)O.O=CN(C)C,0.0006046738690670406,0.939717013869067
102,101,112,60,17,1061,1064,dibenzoyl-L-tartaric acid,CF14,2743-38-6,358.3,C1=CC=C(C=C1)C(=O)O[C@H]([C@H](C(=O)O)OC(=O)C2=CC=CC=C2)C(=O)O,O=CN(C)C,Dimethyl formamide,0.999477853,0.000314954,C1=CC=C(C=C1)C(=O)O[C@H]([C@H](C(=O)O)OC(=O)C2=CC=CC=C2)C(=O)O.O=CN(C)C,0.0005221469999999728,1.0
73,90,95,110,117,1161,1164,"2-Ethylhexyl 2-cyano-3,3-diphenylacrylate",CA81,6197-30-4,361.48,CCCCC(CC)COC(=O)C(C#N)=C(c1ccccc1)c1ccccc1,O=CN(C)C,Dimethyl formamide,0.984255412,0.007871669,CCCCC(CC)COC(=O)C(C#N)=C(c1ccccc1)c1ccccc1.O=CN(C)C,0.00019553009741957172,0.9844509420974196
