,Unnamed: 0,Unnamed: 0.1,Unnamed: 0.1.1,Unnamed: 0.1.1.1,Unnamed: 0.1.1.1.1,Unnamed: 0.1.1.1.1.1,Unnamed: 0.1.1.1.1.1.1,name,container,cas,mw,solute_smiles,solvent_smiles,solvent_name,dm300,dm300_error,full_smiles,dm300_err,dm300_measured
5,14,19,36,75,27,605,606,"2,3,5,6-Tetrafluoro-1,4-benzenedimethanol",Z85,92339-07-6,210.0,C(C1=C(C(=C(C(=C1F)F)CO)F)F)O,CC#N,Acetonitrile,0.738539699,0.002887552,C(C1=C(C(=C(C(=C1F)F)CO)F)F)O.CC#N,0.10126875278705372,0.8398084517870538
3,94,101,16,27,93,671,672,2-Methylanisole,CJ7,578-58-5,122.0,COC1=CC=CC=C1C,CC#N,Acetonitrile,0.755744619,0.003690024,COC1=CC=CC=C1C.CC#N,0.10061260256084026,0.6551320164391597
7,121,104,20,14,142,720,723,"2-Ethylhexyl 2-cyano-3,3-diphenylacrylate",CA81,6197-30-4,361.48,CCCCC(CC)COC(=O)C(C#N)=C(c1ccccc1)c1ccccc1,CC#N,Acetonitrile,0.922179562,0.020525368,CCCCC(CC)COC(=O)C(C#N)=C(c1ccccc1)c1ccccc1.CC#N,0.09511948993189301,1.017299051931893
12,12,16,37,21,83,661,662,"5,6-DICHLOROBENZIMIDAZOLE",RSY76,6478-73-5,187.0,C1=C2C(=CC(=C1Cl)Cl)N=CN2,CC#N,Acetonitrile,0.54688111,0.004891635,C1=C2C(=CC(=C1Cl)Cl)N=CN2.CC#N,0.09502155939190993,0.6419026693919099
9,43,44,23,26,135,713,716,"1-Bromo-4-methoxy-2,5-dimethylbenzene",CA57,58106-25-5,213.9993271,CC1=C(OC)C=C(C)C(Br)=C1,CC#N,Acetonitrile,0.960799185,0.002649647,CC1=C(OC)C=C(C)C(Br)=C1.CC#N,0.09424766862942924,0.8665515163705707
11,120,108,11,29,85,663,664,"2,5-dibromo-3,4-dinitrothiophene",CA29,52431-30-8,329.79,O=[N+](C1=C(Br)SC(Br)=C1[N+]([O-])=O)[O-],CC#N,Acetonitrile,0.965074927,0.002321164,O=[N+](C1=C(Br)SC(Br)=C1[N+]([O-])=O)[O-].CC#N,0.08322500565662483,0.8818499213433751
30,38,33,44,39,127,705,708,,Z189,51934-41-9,276.0,CCOC(=O)C1=CC=C(C=C1)I,CC#N,Acetonitrile,0.666913485,0.006802264,CCOC(=O)C1=CC=C(C=C1)I.CC#N,0.08301415228214082,0.7499276372821408
26,23,27,63,51,84,662,663,"2,5-dibromo-3,4-dinitrothiophene",CA29,52431-30-8,329.7945517,O=[N+](C1=C(Br)SC(Br)=C1[N+]([O-])=O)[O-],CC#N,Acetonitrile,0.799388333,0.003422151,O=[N+](C1=C(Br)SC(Br)=C1[N+]([O-])=O)[O-].CC#N,0.08246158834337514,0.8818499213433751
13,56,42,38,11,123,701,704,Biphenyl,N53,92-52-4,154.21,c1ccc(-c2ccccc2)cc1,CC#N,Acetonitrile,0.523667667,0.031951447,c1ccc(-c2ccccc2)cc1.CC#N,0.08108090643435706,0.6047485734343571
16,3,4,57,44,55,633,634,(R)-(_)-1-Indanol,CA170,697-64-3,134.0,C1CC2=CC=CC=C2C1O,CC#N,Acetonitrile,0.5690927,0.005369834,C1CC2=CC=CC=C2C1O.CC#N,0.07887253159313157,0.6479652315931316
32,31,40,110,99,39,617,618,4-nitrobenzonitrile,Z129,619-72-7,148.0,N#CC1=CC=C([N+]([O-])=O)C=C1,CC#N,Acetonitrile,0.602155974,0.007411221,N#CC1=CC=C([N+]([O-])=O)C=C1.CC#N,0.07814321352578335,0.6802991875257833
20,53,37,52,60,74,652,653,4-Fluoroindole,RSY26,387-43-9,135.14,C1=CC2=C(C=CN2)C(=C1)F,CC#N,Acetonitrile,0.586923056,0.005037826,C1=CC2=C(C=CN2)C(=C1)F.CC#N,0.07801832929618624,0.6649413852961863
21,102,124,22,42,25,603,604,6-Hydroxyindole,RSY77,2380-86-1,133.2,C1=CC(=CC2=C1C=CN2)O,CC#N,Acetonitrile,0.662161929,0.010198391,C1=CC(=CC2=C1C=CN2)O.CC#N,0.07769666025575206,0.584465268744248
8,10,14,4,36,58,636,637,,Z43,150-78-7,138.0,COC1=CC=C(C=C1)OC,CC#N,Acetonitrile,0.510738392,0.005878788,COC1=CC=C(C=C1)OC.CC#N,0.077614264226195,0.588352656226195
19,45,53,24,98,131,709,712,mesitylene,CM6,108-67-8,120.19,CC1=CC(=CC(=C1)C)C,CC#N,Acetonitrile,0.836875193,0.017392848,CC1=CC(=CC(=C1)C)C.CC#N,0.07728440848417939,0.7595907845158206
41,57,59,72,46,75,653,654,"1,3,5-Trimethoxybenzene",CK30,621-23-8,168.0786442,COC1=CC(OC)=CC(OC)=C1,CC#N,Acetonitrile,0.912182947,0.007201517,COC1=CC(OC)=CC(OC)=C1.CC#N,0.07704003123222758,0.8351429157677724
29,36,54,83,59,17,595,596,4-Aminobenzonitrile,CA119,873-74-5,118.0530982,N#CC1=CC=C(N)C=C1,CC#N,Acetonitrile,0.499209228,0.006998012,N#CC1=CC=C(N)C=C1.CC#N,0.0751826465490002,0.5743918745490002
18,21,22,58,78,30,608,609,5-METHOXYBENZIMIDAZOLE,RSY59,4887-80-3,148.2,COC1=CC2=C(C=C1)N=CN2,CC#N,Acetonitrile,0.561511269,0.013528864,COC1=CC2=C(C=C1)N=CN2.CC#N,0.07443677895476197,0.635948047954762
24,117,90,35,43,122,700,703,"9,9-BIS(4-AMINO-3-METHYLPHENYL)FLUORENE",CA231,107934-60-1,376.5,CC1=C(C=CC(=C1)C2(C3=CC=CC=C3C4=CC=CC=C42)C5=CC(=C(C=C5)N)C)N,CC#N,Acetonitrile,0.994648275,0.00079793,CC1=C(C=CC(=C1)C2(C3=CC=CC=C3C4=CC=CC=C42)C5=CC(=C(C=C5)N)C)N.CC#N,0.07339631182911355,1.0680445868291135
23,46,51,26,61,13,591,592,Sulfamethoxazole,AP38,723-46-6,253.0,CC1=CC(NS(=O)(C2=CC=C(C=C2)N)=O)=NO1,CC#N,Acetonitrile,1.0,0.0,CC1=CC(NS(=O)(C2=CC=C(C=C2)N)=O)=NO1.CC#N,0.06987869198960117,0.9301213080103988
10,7,17,1,30,41,619,620,4-aminobenzanilide,CE5,782-45-6,212.3,C1=CC=C(C=C1)NC(=O)C2=CC=C(C=C2)N,CC#N,Acetonitrile,0.961639387,0.002420328,C1=CC=C(C=C1)NC(=O)C2=CC=C(C=C2)N.CC#N,0.06963220260234038,0.8920071843976596
15,9,11,79,80,33,611,612,5-FLUORO-1H-BENZIMIDAZOLE,RSY44,1977-72-6,136.1,C1=CC2=C(C=C1F)NC=N2,CC#N,Acetonitrile,0.453443243,0.010362608,C1=CC2=C(C=C1F)NC=N2.CC#N,0.06945612449660038,0.5228993674966004
17,76,103,40,70,88,666,667,4-Chloroindole,RSY39,25235-85-2,151.59,C1=CC2=C(C=CN2)C(=C1)Cl,CC#N,Acetonitrile,0.741095408,0.004428797,C1=CC2=C(C=CN2)C(=C1)Cl.CC#N,0.06792370551457072,0.6731717024854292
27,62,82,12,41,110,688,690,Flavanone,CB140,487-26-3,224.0837296,O=C1CC(C2=CC=CC=C2)OC3=C1C=CC=C3,CC#N,Acetonitrile,0.940840242,0.002629894,O=C1CC(C2=CC=CC=C2)OC3=C1C=CC=C3.CC#N,0.06698524433856756,0.8738549976614325
49,27,49,100,89,120,698,701,,Z62,6161-50-8,214.0,COC1=CC(C2=CC=CC(OC)=C2)=CC=C1,CC#N,Acetonitrile,0.913108208,0.00743945,COC1=CC(C2=CC=CC(OC)=C2)=CC=C1.CC#N,0.06393530664282054,0.8491729013571795
60,79,80,60,38,140,718,721,"4,5-Dibromo-o-xylene",CB53,24932-48-7,261.8992745,CC1=CC(Br)=C(Br)C=C1C,CC#N,Acetonitrile,0.735944506,0.006706009,CC1=CC(Br)=C(Br)C=C1C.CC#N,0.06215618962144487,0.7981006956214449
14,48,64,41,86,111,689,691,,Z71,583-53-9,236.0,BrC1=CC=CC=C1Br,CC#N,Acetonitrile,0.513784973,0.008343709,BrC1=CC=CC=C1Br.CC#N,0.06059822529908382,0.4531867477009162
22,6,7,6,8,82,660,661,1-(4-BROMOPHENYL)ETHANOL,RC22,5391-88-8,201.1,CC(C1=CC=C(C=C1)Br)O,CC#N,Acetonitrile,0.480365053,0.003625411,CC(C1=CC=C(C=C1)Br)O.CC#N,0.05826121739358503,0.538626270393585
34,71,76,69,85,79,657,658,Dimethyl terephthalate,cc4 (small box),120-61-6,194.0,COC(=O)c1ccc(cc1)C(=O)OC,CC#N,Acetonitrile,0.826146594,0.003125762,COC(=O)c1ccc(cc1)C(=O)OC.CC#N,0.05563280048970265,0.8817793944897027
38,52,45,27,32,67,645,646,"1,2,3,4-Tetrahydro-1-naphthol",CB115,529-33-9,148.088815,OC1CCCC2=C1C=CC=C2,CC#N,Acetonitrile,0.710567934,0.004361196,OC1CCCC2=C1C=CC=C2.CC#N,0.05510160180954782,0.6554663321904521
66,26,39,80,126,86,664,665,"4,4'-BIPHENYLDICARBONITRILE",Z118,1591-30-6,204.0,C1=CC(=CC=C1C#N)C2=CC=C(C=C2)C#N,CC#N,Acetonitrile,0.857601164,0.003068827,C1=CC(=CC=C1C#N)C2=CC=C(C=C2)C#N.CC#N,0.0550427495740522,0.8025584144259478
37,105,79,51,83,141,719,722,,Z49,14348-75-5,336.0,O=C1C2=C(C3=C1C=C(Br)C=C3)C=CC(Br)=C2,CC#N,Acetonitrile,0.893792927,0.003695402,O=C1C2=C(C3=C1C=C(Br)C=C3)C=CC(Br)=C2.CC#N,0.053752488321405556,0.9475454153214056
33,51,35,68,56,62,640,641,5-Fluoroindole,RSY24,399-52-0,135.14,C1=CC2=C(C=CN2)C=C1F,CC#N,Acetonitrile,0.546462741,0.003090691,C1=CC2=C(C=CN2)C=C1F.CC#N,0.05174168576440452,0.5982044267644046
57,122,81,76,47,125,703,706,1-Methylnaphthalene,CC25,90-12-0,142.0,CC1=CC=CC2=CC=CC=C12,CC#N,Acetonitrile,0.673329323,0.019832991,CC1=CC=CC2=CC=CC=C12.CC#N,0.05150038088495834,0.7248297038849584
36,98,130,55,72,103,681,683,Dimethoxybenzophenone,CB157,3555-84-8,242.27,COC1=CC(=C(C=C1)C(=O)C2=CC=CC=C2)OC,CC#N,Acetonitrile,0.895493892,0.001876191,COC1=CC(=C(C=C1)C(=O)C2=CC=CC=C2)OC.CC#N,0.05024489194524384,0.9457387839452438
31,72,63,56,48,48,626,627,Tenoxicam,RB34,59804-37-4,337.0190978,CN1C(C(NC2=CC=CC=N2)=O)=C(C3=C(S1(=O)=O)C=CS3)O,CC#N,Acetonitrile,0.946112541,0.031332576,CN1C(C(NC2=CC=CC=N2)=O)=C(C3=C(S1(=O)=O)C=CS3)O.CC#N,0.05009949960134685,0.9962120406013468
44,108,118,91,77,106,684,686,"4,4'-Difluorobenzophenone",CO28,345-92-6,218.0,O=C(C1=CC=C(F)C=C1)C2=CC=C(F)C=C2,CC#N,Acetonitrile,0.798965419,0.003814863,O=C(C1=CC=C(F)C=C1)C2=CC=C(F)C=C2.CC#N,0.047950369710446306,0.8469157887104463
53,73,58,21,23,51,629,630,Thiacloprid,AP45,111988-49-9,252.023645,C1CSC(=NC#N)N1CC2=CN=C(C=C2)Cl,CC#N,Acetonitrile,0.94255671,0.006621472,C1CSC(=NC#N)N1CC2=CN=C(C=C2)Cl.CC#N,0.04729356963502562,0.8952631403649743
46,63,61,77,73,90,668,669,"5,6-DICHLORO-2- METHYLBENZIMIDAZOLE",RSY68,6478-79-1,201.1,CC1=NC2=CC(=C(C=C2N1)Cl)Cl,CC#N,Acetonitrile,0.735285179,0.007883787,CC1=NC2=CC(=C(C=C2N1)Cl)Cl.CC#N,0.0461473873192384,0.7814325663192384
35,107,119,64,110,96,674,676,5-BROMOINDOLE,RSY14,10075-50-0,196.04,C1=CC2=C(C=CN2)C=C1Br,CC#N,Acetonitrile,0.651227773,0.007362619,C1=CC2=C(C=CN2)C=C1Br.CC#N,0.04463917376930371,0.6065885992306963
39,30,28,61,58,100,678,680,4-Ethynyltoluene,CA104,766-97-2,116.16,C#Cc1ccc(C)cc1,CC#N,Acetonitrile,0.479069734,0.004445001,C#Cc1ccc(C)cc1.CC#N,0.044158601186670754,0.5232283351866708
51,24,32,59,88,115,693,695,Fenbendazole,RB24,43210-67-9,299.0728477,COC(NC1=NC2=C(C=C(SC3=CC=CC=C3)C=C2)N1)=O,CC#N,Acetonitrile,0.986622742,0.002354671,COC(NC1=NC2=C(C=C(SC3=CC=CC=C3)C=C2)N1)=O.CC#N,0.04356997958195319,0.9430527624180468
25,20,43,25,20,21,599,600,Tryptamine,CA80,61-54-1,160.1000484,NCCC1=CNC2=CC=CC=C12,CC#N,Acetonitrile,0.911163486,0.015101307,NCCC1=CNC2=CC=CC=C12.CC#N,0.043125613936467744,0.8680378720635322
43,41,56,39,54,52,630,631,4-Benzoylbenzoic acid,Z106,611-95-0,226.0,C1=CC=C(C=C1)C(=O)C2=CC=C(C=C2)C(=O)O,CC#N,Acetonitrile,0.950207775,0.003106497,C1=CC=C(C=C1)C(=O)C2=CC=C(C=C2)C(=O)O.CC#N,0.040022890799315425,0.9101848842006846
40,15,46,54,50,117,695,697,9-(2-Hydroxyethyl)anthracene,CA139,54060-73-0,222.1044651,OCCC1=C2C=CC=CC2=CC3=CC=CC=C13,CC#N,Acetonitrile,0.9752189,0.001728323,OCCC1=C2C=CC=CC2=CC3=CC=CC=C13.CC#N,0.03986999162450555,0.9353489083754944
50,83,97,50,66,35,613,614,"5,5'-Dithiobis(2-nitrobenzoic acid)",RB45,69-78-3,395.9722072,O=C(O)C1=CC(SSC2=CC=C([N+]([O-])=O)C(C(O)=O)=C2)=CC=C1[N+]([O-])=O,CC#N,Acetonitrile,0.998732006,0.00150557,O=C(O)C1=CC(SSC2=CC=C([N+]([O-])=O)C(C(O)=O)=C2)=CC=C1[N+]([O-])=O.CC#N,0.03900717501044115,0.9597248309895589
77,47,74,127,79,143,721,724,"2,4-Diphenyl-4-methyl-1-pentene",CJ63,6362-80-7,236.35,CC(C)(CC(=C)C1=CC=CC=C1)C2=CC=CC=C2,CC#N,Acetonitrile,0.978906456,0.004108124,CC(C)(CC(=C)C1=CC=CC=C1)C2=CC=CC=C2.CC#N,0.03806061080938572,1.0169670668093858
72,109,105,65,82,49,627,628,Tetrafluoroterephthalonitrile 5G,"CB104, C79",1835-49-0,199.9997609,N#CC1=C(F)C(F)=C(C#N)C(F)=C1F,CC#N,Acetonitrile,0.949492512,0.006879452,N#CC1=C(F)C(F)=C(C#N)C(F)=C1F.CC#N,0.037307137648164734,0.9121853743518352
91,54,72,84,113,24,602,603,"(1R,2S)-(-)-N-Methylephedrine",AP4,552-79-4,179.1310142,CC(C(C1=CC=CC=C1)O)N(C)C,CC#N,Acetonitrile,0.953992084,0.001984634,CC(C(C1=CC=CC=C1)O)N(C)C.CC#N,0.03660663772451678,0.9173854462754832
48,5,15,111,92,15,593,594,4-Fluoroaniline,CJ64,371-40-4,111.0484274,NC1=CC=C(F)C=C1,CC#N,Acetonitrile,0.364620343,0.006456211,NC1=CC=C(F)C=C1.CC#N,0.03630931629807149,0.4009296592980715
104,25,48,95,127,63,641,642,6-Amino-3-bromo-2-methylpyridine,CB144,42753-71-9,185.9792603,CC1=NC(N)=CC=C1Br,CC#N,Acetonitrile,0.584239367,0.005197228,CC1=NC(N)=CC=C1Br.CC#N,0.03548439710505824,0.6197237641050583
82,82,115,113,101,144,722,725,Avobenzone Pharmaceutical Secondary Stan (Avobenzone),AP12,70356-09-1,310.1568946,CC(C)(C)C1=CC=C(C=C1)C(=O)CC(=O)C2=CC=C(C=C2)OC,CC#N,Acetonitrile,0.985245118,0.000837986,CC(C)(C)C1=CC=C(C=C1)C(=O)CC(=O)C2=CC=C(C=C2)OC.CC#N,0.03479948219525941,1.0200446001952594
64,69,122,94,57,136,714,717,Anthracene,RSY6,120-12-7,178.23,C1=CC=C2C=C3C=CC=CC3=CC2=C1,CC#N,Acetonitrile,0.714485079,0.010827823,C1=CC=C2C=C3C=CC=CC3=CC2=C1.CC#N,0.034787985143647226,0.7492730641436472
59,106,100,89,65,70,648,649,"4,5-dichlorophthalonitrile",CP8,139152-08-2,197.0,C1=C(C(=CC(=C1Cl)Cl)C#N)C#N,CC#N,Acetonitrile,0.828150424,0.016730143,C1=C(C(=CC(=C1Cl)Cl)C#N)C#N.CC#N,0.03454152606605421,0.8626919500660543
52,124,95,92,118,91,669,670,5-Chloroindole,RSY25,17422-32-1,151.59,C1=CC2=C(C=CN2)C=C1Cl,CC#N,Acetonitrile,0.636559586,0.154834471,C1=CC2=C(C=CN2)C=C1Cl.CC#N,0.03254293133586694,0.604016654664133
69,92,88,131,116,37,615,616,Nizatidine,RB32,76963-41-2,331.1136669,CN/C(NCCSCC1=CSC(CN(C)C)=N1)=C\[N+]([O-])=O,CC#N,Acetonitrile,0.958794356,0.007763123,CN/C(NCCSCC1=CSC(CN(C)C)=N1)=C\[N+]([O-])=O.CC#N,0.031030951076540192,0.9898253070765402
28,0,3,33,22,18,596,597,"1-Phenyl-1,2-ethanediol",CC79,93-56-1,138.0,C1=CC=C(C=C1)C(CO)O,CC#N,Acetonitrile,0.449677782,0.015081174,C1=CC=C(C=C1)C(CO)O.CC#N,0.030292641772491358,0.4799704237724914
54,84,73,104,62,50,628,629,Oxolinic acid,RB41,14698-29-4,261.0637225,CCN(C1=CC2=C(C=C1C3=O)OCO2)C=C3C(O)=O,CC#N,Acetonitrile,0.920651531,0.018078229,CCN(C1=CC2=C(C=C1C3=O)OCO2)C=C3C(O)=O.CC#N,0.030286626806163675,0.9509381578061636
88,87,99,133,123,54,632,633,Phenacetin,CR14,62-44-2,179.2,CCOC1=CC=C(C=C1)NC(=O)C,CC#N,Acetonitrile,0.830517004,0.002460017,CCOC1=CC=C(C=C1)NC(=O)C.CC#N,0.02951633476000448,0.8600333387600044
83,44,75,118,135,76,654,655,"4-[1,1-bis(4-hydroxyphenyl)ethyl]phenol",CK 32,27955-94-8,306.0,CC(C1=CC=C(C=C1)O)(C2=CC=C(C=C2)O)C3=CC=C(C=C3)O,CC#N,Acetonitrile,0.995769603,0.002505339,CC(C1=CC=C(C=C1)O)(C2=CC=C(C=C2)O)C3=CC=C(C=C3)O.CC#N,0.02943327354632075,0.9663363294536792
45,40,38,129,100,45,623,624,"4,4'-Bipyridine",CA172,553-26-4,156.0687483,C1(C2=CC=NC=C2)=CC=NC=C1,CC#N,Acetonitrile,0.505829031,0.004030456,C1(C2=CC=NC=C2)=CC=NC=C1.CC#N,0.028941726356520925,0.5347707573565209
99,99,93,88,71,138,716,719,Perfluorobenzophenone,CB148,853-39-4,361.9789468,O=C(C1=C(F)C(F)=C(F)C(F)=C1F)C2=C(F)C(F)=C(F)C(F)=C2F,CC#N,Acetonitrile,0.993424938,0.002345749,O=C(C1=C(F)C(F)=C(F)C(F)=C1F)C2=C(F)C(F)=C(F)C(F)=C2F.CC#N,0.027875640494821607,0.9655492975051784
105,55,57,135,107,129,707,710,n-Propylbenzene,CO33,103-65-1,120.0,CCCC1=CC=CC=C1,CC#N,Acetonitrile,0.569924626,0.004922185,CCCC1=CC=CC=C1.CC#N,0.02636233504157115,0.5962869610415712
63,119,117,124,134,31,609,610,"3,5-Dimethoxyaniline",Z3,10272-07-8,153.0,NC1=CC(OC)=CC(OC)=C1,CC#N,Acetonitrile,0.789497055,0.005159869,NC1=CC(OC)=CC(OC)=C1.CC#N,0.024890862707424133,0.8143879177074241
85,74,71,43,63,34,612,613,"5-(trifluoromethyl)benzene-1,3-diamine",Z179,368-53-6,176.0,C1=C(C=C(C=C1N)N)C(F)(F)F,CC#N,Acetonitrile,0.918925865,0.001227586,C1=C(C=C(C=C1N)N)C(F)(F)F.CC#N,0.023966235553679494,0.8949596294463205
65,39,29,132,106,119,697,700,Mometasone Furoate,AP11,83919-23-7,520.141944,CC1CC2C3CCC4=CC(=O)C=CC4(C3(C(CC2(C1(C(=O)CCl)OC(=O)C5=CC=CO5)C)O)Cl)C,CC#N,Acetonitrile,0.9988715,0.000560845,CC1CC2C3CCC4=CC(=O)C=CC4(C3(C(CC2(C1(C(=O)CCl)OC(=O)C5=CC=CO5)C)O)Cl)C.CC#N,0.023745844156236928,1.022617344156237
47,88,128,67,103,94,672,673,4-Bromoindole,RSY23,52488-36-5,196.0,C1=CC2=C(C=CN2)C(=C1)Br,CC#N,Acetonitrile,0.706345864,0.100278719,C1=CC2=C(C=CN2)C(=C1)Br.CC#N,0.022841977451561024,0.683503886548439
102,64,77,97,91,134,712,715,Diphenylacetylene,CA150,501-65-5,178.23,C(#Cc1ccccc1)c1ccccc1,CC#N,Acetonitrile,0.696811398,0.002840706,C(#Cc1ccccc1)c1ccccc1.CC#N,0.02276457255343689,0.6740468254465631
61,34,60,81,111,124,702,705,"4,4'-Dimethylbenzophenone",Z63,611-97-2,210.0,CC1=CC=C(C=C1)C(=O)C2=CC=C(C=C2)C,CC#N,Acetonitrile,0.928815637,0.002562021,CC1=CC=C(C=C1)C(=O)C2=CC=C(C=C2)C.CC#N,0.021003704452116412,0.9078119325478836
58,113,116,90,136,89,667,668,4-Chloroindole,"CE3, RSY39",25235-85-2,151.6,C1=CC2=C(C=CN2)C(=C1)Cl,CC#N,Acetonitrile,0.693719653,0.007215314,C1=CC2=C(C=CN2)C(=C1)Cl.CC#N,0.020547950514570812,0.6731717024854292
76,90,120,107,133,105,683,685,CARVACROL,CO43,499-75-2,150.2,CC1=C(C=C(C=C1)C(C)C)O,CC#N,Acetonitrile,0.853051392,0.018243291,CC1=C(C=C(C=C1)C(C)C)O.CC#N,0.02009009677265916,0.8329612952273409
81,37,34,66,90,104,682,684,"6-BROMO-1,4-BENZODIOXANE",RSY30,52287-51-1,215.04,C1COC2=C(O1)C=CC(=C2)Br,CC#N,Acetonitrile,0.675067531,0.003228357,C1COC2=C(O1)C=CC(=C2)Br.CC#N,0.019032941971792394,0.6560345890282077
67,104,85,93,76,99,677,679,"4,4'-(hexafluoroisopropylidene) dianiline",CA18,1095-78-9,334.0904677,FC(F)(F)C(C1=CC=C(C=C1)N)(C2=CC=C(C=C2)N)C(F)(F)F,CC#N,Acetonitrile,0.995925448,0.000556554,FC(F)(F)C(C1=CC=C(C=C1)N)(C2=CC=C(C=C2)N)C(F)(F)F.CC#N,0.018217910038644702,1.0141433580386447
56,95,127,70,105,92,670,671,7-Bromoindole,RSY33,51417-51-7,196.04,C1=CC2=C(C(=C1)Br)NC=C2,CC#N,Acetonitrile,0.696047452,0.011590488,C1=CC2=C(C(=C1)Br)NC=C2.CC#N,0.017594173137900126,0.6784532788620998
68,33,36,47,69,11,589,590,4-hydroxybenzaldehyde,CK34,123-08-0,122.0367794,O=CC1=CC=C(O)C=C1,CC#N,Acetonitrile,0.513760208,0.008556167,O=CC1=CC=C(O)C=C1.CC#N,0.01711583539026179,0.4966443726097382
95,67,92,105,131,16,594,595,4-aminobenzonitrile,Z140,873-74-5,118.0,N#CC1=CC=C(N)C=C1,CC#N,Acetonitrile,0.557538365,0.008400759,N#CC1=CC=C(N)C=C1.CC#N,0.016853509549000223,0.5743918745490002
55,81,67,73,64,112,690,692,"4,4-(Hexafluoroisopropylidene)diphenol",CJ31,1478-61-1,336.0584989,FC(F)(F)C(C1=CC=C(O)C=C1)(C2=CC=C(O)C=C2)C(F)(F)F,CC#N,Acetonitrile,0.968153395,0.008646373,FC(F)(F)C(C1=CC=C(O)C=C1)(C2=CC=C(O)C=C2)C(F)(F)F.CC#N,0.01665207544561087,0.9848054704456108
96,114,125,106,115,28,606,607,"5-Fluoro-1,3-dihydro-2h-benzimidazol-2-thione",RSY60,583-42-6,168.2,C1=CC2=C(C=C1F)NC(=S)N2,CC#N,Acetonitrile,0.730586411,0.010065336,C1=CC2=C(C=C1F)NC(=S)N2.CC#N,0.016073358212146505,0.7466597692121465
71,101,98,15,18,0,578,579,1H-Benzimidazole-5-carboxylic acid,"CE4, RSY70",15788-16-6,162.2,C1=CC2=C(C=C1C(=O)O)NC=N2,CC#N,Acetonitrile,0.744461566,0.017662761,C1=CC2=C(C=C1C(=O)O)NC=N2.CC#N,0.01590603674784119,0.7285555292521588
94,50,65,10,24,4,582,583,4-NITROBENZOIC ACID,CD2,62-23-7,167.0,OC(=O)c1ccc(cc1)[N+]([O-])=O,CC#N,Acetonitrile,0.72557237,0.003327966,OC(=O)c1ccc(cc1)[N+]([O-])=O.CC#N,0.015882091818039346,0.7414544618180393
84,103,110,108,37,26,604,605,Caffeine,AP19,58-08-2,194.0,CN1C=NC2=C1C(=O)N(C(=O)N2C)C,CC#N,Acetonitrile,0.9565591,0.00336284,CN1C=NC2=C1C(=O)N(C(=O)N2C)C.CC#N,0.015200343677973627,0.9717594436779736
107,80,86,109,122,102,680,682,Methyl 4-bromobenzoate,CJ70,619-42-1,215.05,BrC1=CC=C(C(OC)=O)C=C1,CC#N,Acetonitrile,0.728268743,0.003475363,BrC1=CC=C(C(OC)=O)C=C1.CC#N,0.01484979902971395,0.743118542029714
103,86,114,114,140,108,686,688,Thymol,CP3,89-83-8,150.1044651,CC1=CC(O)=C(C(C)C)C=C1,CC#N,Acetonitrile,0.863950978,0.001785425,CC1=CC(O)=C(C(C)C)C=C1.CC#N,0.014817500298333619,0.8491334777016664
114,115,121,75,108,7,585,586,4-Acetoamidophenol,AP37,103-90-2,151.06,CC(=O)NC1=CC=C(C=C1)O,CC#N,Acetonitrile,0.715999922,0.007521592,CC(=O)NC1=CC=C(C=C1)O.CC#N,0.013422181759644713,0.7294221037596447
115,60,70,34,52,32,610,611,"5-Amino-1,4-benzodioxane",RSY45,16081-45-1,151.2,C1COC2=C(C=CC=C2O1)N,CC#N,Acetonitrile,0.759215905,0.003773923,C1COC2=C(C=CC=C2O1)N.CC#N,0.013305406281139076,0.7725213112811391
70,85,69,101,96,57,635,636,"4,4-(Hexafluoroisopropylidene)bis(benzoic acid)",CA36,1171-47-7,392.0483281,FC(F)(F)C(C1=CC=C(C=C1)C(O)=O)(C2=CC=C(C=C2)C(O)=O)C(F)(F)F,CC#N,Acetonitrile,0.998715594,0.001554974,FC(F)(F)C(C1=CC=C(C=C1)C(O)=O)(C2=CC=C(C=C2)C(O)=O)C(F)(F)F.CC#N,0.012503444162473287,1.0112190381624733
112,11,24,53,125,9,587,588,Aniline,CP37,62-53-3,93.13,C1=CC=C(C=C1)N,CC#N,Acetonitrile,0.346599954,0.007479369,C1=CC=C(C=C1)N.CC#N,0.012139447049016927,0.3587394010490169
108,118,129,82,67,98,676,678,"DIETHYL 1,4-DIHYDRO-2,6-DIMETHYL-3,5-PYRIDINEDICARBOXYLATE",CK27,1149-23-1,253.29,CCOC(=O)C1=C(C)NC(C)=C(C(=O)OCC)C1,CC#N,Acetonitrile,0.990066,0.000798904,CCOC(=O)C1=C(C)NC(C)=C(C(=O)OCC)C1.CC#N,0.012107984479622802,0.9779580155203772
79,42,66,96,132,121,699,702,,Z68,2571-39-3,210.0,O=C(C1=CC=C(C)C(C)=C1)C2=CC=CC=C2,CC#N,Acetonitrile,0.950469754,0.001179246,O=C(C1=CC=C(C)C(C)=C1)C2=CC=CC=C2.CC#N,0.011302453761860232,0.9391673002381398
62,123,111,102,109,80,658,659,Rosuvastatin,CE-A13,287714-41-4,481.5,CC(C)C1=NC(=NC(=C1/C=C/[C@H](C[C@H](CC(=O)O)O)O)C2=CC=C(C=C2)F)N(C)S(=O)(=O)C,CC#N,Acetonitrile,0.984423989,0.008081575,CC(C)C1=NC(=NC(=C1/C=C/[C@H](C[C@H](CC(=O)O)O)O)C2=CC=C(C=C2)F)N(C)S(=O)(=O)C.CC#N,0.011261126832529778,0.9956851158325298
100,116,84,85,120,36,614,615,Clothianidin,AP41,210880-92-5,249.0087232,CNC(=N[N+](=O)[O-])NCC1=CN=C(S1)Cl,CC#N,Acetonitrile,0.898539477,0.02762338,CNC(=N[N+](=O)[O-])NCC1=CN=C(S1)Cl.CC#N,0.010922225473635971,0.909461702473636
110,97,123,134,94,38,616,617,(R)-(?)-2-Phenylbutyric acid,CA154,938-79-4,164.2,CC[C@@H](C(=O)O)c1ccccc1,CC#N,Acetonitrile,0.887766322,0.003158559,CC[C@@H](C(=O)O)c1ccccc1.CC#N,0.010274151000613574,0.8980404730006136
118,19,52,120,81,133,711,714,3-Bromo-9H-carbazole,RSY15,1592-95-6,246.1,C1=CC=C(C=C1)NC2=CC=CC3=CC=CC=C32,CC#N,Acetonitrile,0.848548655,0.002840066,C1=CC=C(C=C1)NC2=CC=CC3=CC=CC=C32.CC#N,0.00977378267971607,0.858322437679716
111,22,23,87,138,145,723,726,isodrine,rb57,465-73-6,365.0,C1C2C=CC1C3C2C4(C(=C(C3(C4(Cl)Cl)Cl)Cl)Cl)Cl,CC#N,Acetonitrile,0.996685522,0.002469586,C1C2C=CC1C3C2C4(C(=C(C3(C4(Cl)Cl)Cl)Cl)Cl)Cl.CC#N,0.009369435176196483,0.9873160868238036
93,96,91,130,121,73,651,652,Ramipril,AP34,87333-19-5,416.5,CCOC(=O)[C@H](CCC1=CC=CC=C1)N[C@@H](C)C(=O)N2[C@H]3CCC[C@H]3C[C@H]2C(=O)O,CC#N,Acetonitrile,0.982382691,0.008746889,CCOC(=O)[C@H](CCC1=CC=CC=C1)N[C@@H](C)C(=O)N2[C@H]3CCC[C@H]3C[C@H]2C(=O)O.CC#N,0.00893496159807039,0.9913176525980704
86,110,89,128,119,78,656,657,"(8S,9R)-(-)-N-Benzylcinchonidinium chloride",CB97,69257-04-1,420.97,C=C[C@H]1C[N+]2(Cc3ccccc3)CC[C@H]1C[C@H]2[C@H](O)c1ccnc2ccccc12,CC#N,Acetonitrile,0.941631306,0.022367747,C=C[C@H]1C[N+]2(Cc3ccccc3)CC[C@H]1C[C@H]2[C@H](O)c1ccnc2ccccc12.CC#N,0.00875907522811925,0.9503903812281193
87,75,83,45,13,113,691,693,Clozapine,CA225,5786-21-0,326.8,CN1CCN(CC1)C2=C3C=CC=CC3=NC4=C(N2)C=C(C=C4)Cl,CC#N,Acetonitrile,0.995605221,0.000463767,CN1CCN(CC1)C2=C3C=CC=CC3=NC4=C(N2)C=C(C=C4)Cl.CC#N,0.008502628780177601,0.9871025922198224
97,100,78,121,114,72,650,651,7-Fluoroindole,RSY75,387-44-0,135.1,C1=CC2=C(C(=C1)F)NC=C2,CC#N,Acetonitrile,0.653433705,0.007053447,C1=CC2=C(C(=C1)F)NC=C2.CC#N,0.008209412720298737,0.6616431177202987
113,61,47,78,112,43,621,622,Acetamiprid,AP44,160430-64-8,222.7,CC(=NC#N)N(C)CC1=CN=C(C=C1)Cl,CC#N,Acetonitrile,0.948672522,0.002109796,CC(=NC#N)N(C)CC1=CN=C(C=C1)Cl.CC#N,0.007588161365772117,0.9410843606342278
117,77,94,112,128,95,673,674,Ibuprofen,AP10,15687-27-1,206.1306798,CC(CC1=CC=C(C(C(O)=O)C)C=C1)C,CC#N,Acetonitrile,0.953602564,0.006474439,CC(CC1=CC=C(C(C(O)=O)C)C=C1)C.CC#N,0.006471208280908636,0.9600737722809086
73,112,113,28,33,23,601,602,5-aminoquinoline,CB77,611-34-7,144.17,Nc1cccc2ncccc12,CC#N,Acetonitrile,0.667489128,0.005866319,Nc1cccc2ncccc12.CC#N,0.005909184956578106,0.6615799430434219
98,68,55,98,137,42,620,621,Acetamiprid,AP44,135410-20-7,222.067224,CC(=NC#N)N(C)CC1=CN=C(C=C1)Cl,CC#N,Acetonitrile,0.935391326,0.002597492,CC(=NC#N)N(C)CC1=CN=C(C=C1)Cl.CC#N,0.005693034634227878,0.9410843606342278
89,18,21,125,97,101,679,681,6-Iodoquinoline,RSY64,13327-31-6,255.1,C1=CC2=C(C=CC(=C2)I)N=C1,CC#N,Acetonitrile,0.480033451,0.003793043,C1=CC2=C(C=CC(=C2)I)N=C1.CC#N,0.0053402485044214965,0.4853736995044215
75,91,126,48,95,6,584,585,5-Aminoindole,CA38,5192-03-0,132.16,Nc1ccc2[nH]ccc2c1,CC#N,Acetonitrile,0.67195646,0.004257136,Nc1ccc2[nH]ccc2c1.CC#N,0.0042385639807410724,0.6677178960192589
42,89,112,116,93,53,631,632,"3,5-Difluorobenzonitrile",CA78,64248-63-1,139.0233555,N#CC1=CC(F)=CC(F)=C1,CC#N,Acetonitrile,0.668765512,0.018796994,N#CC1=CC(F)=CC(F)=C1.CC#N,0.0030229758736868284,0.6657425361263132
90,49,68,99,130,139,717,720,4-tert-Butylstyrene,RB56,1746-23-2,160.26,C=Cc1ccc(C(C)(C)C)cc1,CC#N,Acetonitrile,0.95610724,0.002441384,C=Cc1ccc(C(C)(C)C)cc1.CC#N,0.002712047759549807,0.9533951922404502
92,59,50,123,124,114,692,694,Rifampicin,AP60,13292-46-1,822.94,C[C@H]1/C=C/C=C(\C(=O)NC\2=C(C3=C(C(=C4C(=C3C(=O)/C2=C/NN5CCN(CC5)C)C(=O)[C@](O4)(O/C=C/[C@@H]([C@H]([C@H]([C@@H]([C@@H]([C@@H]([C@H]1O)C)O)C)OC(=O)C)C)OC)C)C)O)O)/C,CC#N,Acetonitrile,0.999435228,0.000526698,C[C@H]1/C=C/C=C(\C(=O)NC\2=C(C3=C(C(=C4C(=C3C(=O)/C2=C/NN5CCN(CC5)C)C(=O)[C@](O4)(O/C=C/[C@@H]([C@H]([C@H]([C@@H]([C@@H]([C@@H]([C@H]1O)C)O)C)OC(=O)C)C)OC)C)C)O)O)/C.CC#N,0.0026286856541432035,0.9968065423458567
74,66,102,17,68,1,579,580,m-Phenylenediamine flakes,CR15,108-45-2,108.0687483,NC1=CC=CC(N)=C1,CC#N,Acetonitrile,0.538781515,0.058601487,NC1=CC=CC(N)=C1.CC#N,0.002473411927253588,0.5412549269272536
116,2,8,62,35,126,704,707,4-iodotoluene,Z134,624-31-7,218.0,CC1=CC=C(C=C1)I,CC#N,Acetonitrile,0.366304777,0.003485609,CC1=CC=C(C=C1)I.CC#N,0.002303379107923109,0.3640013978920769
119,78,87,103,139,128,706,709,Tebuconazole,RB40,107534-96-3,307.14514,CC(C)(C)C(CCC1=CC=C(C=C1)Cl)(CN2C=NC=N2)O,CC#N,Acetonitrile,0.987163324,0.007349723,CC(C)(C)C(CCC1=CC=C(C=C1)Cl)(CN2C=NC=N2)O.CC#N,0.002226279989252511,0.9849370440107474
109,65,106,126,117,59,637,638,Naproxen,RB28,22204-53-1,230.0942943,O=C([C@H](C1=CC2=CC=C(OC)C=C2C=C1)C)O,CC#N,Acetonitrile,0.942350382,0.00706584,O=C([C@H](C1=CC2=CC=C(OC)C=C2C=C1)C)O.CC#N,0.0018937820903097702,0.9442441640903098
80,35,30,117,104,10,588,589,4-Hydroxy-3-methoxybenzyl alcohol,CO31,498-00-0,154.0629942,COC1=CC(CO)=CC=C1O,CC#N,Acetonitrile,0.645487459,0.032366807,COC1=CC(CO)=CC=C1O.CC#N,0.0015944755426351431,0.6470819345426352
106,125,107,122,74,19,597,598,dibenzoyl-L-tartaric acid,CF14,2743-38-6,358.3,C1=CC=C(C=C1)C(=O)O[C@H]([C@H](C(=O)O)OC(=O)C2=CC=CC=C2)C(=O)O,CC#N,Acetonitrile,0.939654752,0.045918781,C1=CC=C(C=C1)C(=O)O[C@H]([C@H](C(=O)O)OC(=O)C2=CC=CC=C2)C(=O)O.CC#N,0.0012136621804220704,0.938441089819578
101,17,25,119,102,47,625,626,4-chloroaniline,Z142,106-47-8,127.0,NC1=CC=C(Cl)C=C1,CC#N,Acetonitrile,0.409612987,0.007596863,NC1=CC=C(Cl)C=C1.CC#N,0.0007099876691700757,0.4089029993308299
120,70,96,115,129,109,687,689,"4,4'-Difluorobenzophenone",CJ19,345-92-6,218.0543213,O=C(C1=CC=C(F)C=C1)C2=CC=C(F)C=C2,CC#N,Acetonitrile,0.847554639,0.007950986,O=C(C1=CC=C(F)C=C1)C2=CC=C(F)C=C2.CC#N,0.000638850289553794,0.8469157887104463
78,58,41,74,87,116,694,696,Rifaximin,AP63,80621-81-4,785.9,C[C@H]1/C=C/C=C(\C(=O)NC2=C(C3=C(C4=C(C(=C3O)C)O[C@@](C4=O)(O/C=C/[C@@H]([C@H]([C@H]([C@@H]([C@@H]([C@@H]([C@H]1O)C)O)C)OC(=O)C)C)OC)C)C5=C2N6C=CC(=CC6=N5)C)O)/C,CC#N,Acetonitrile,0.985963649,0.026926439,C[C@H]1/C=C/C=C(\C(=O)NC2=C(C3=C(C4=C(C(=C3O)C)O[C@@](C4=O)(O/C=C/[C@@H]([C@H]([C@H]([C@@H]([C@@H]([C@@H]([C@H]1O)C)O)C)OC(=O)C)C)OC)C)C5=C2N6C=CC(=CC6=N5)C)O)/C.CC#N,0.000567905390231549,0.9865315543902315
